id_contrat,id_comedien
2001,3101
2002,3102
2003,3103
2004,3104
2005,3105
2006,3106
2007,3107
2008,3108
2009,3109
2010,3110
2011,3111
2012,3112
2013,3113
2014,3114
2015,3115
2016,3116
2017,3117
2018,3118
2019,3119
2020,3120
2021,3121
2022,3122
2023,3123
2024,3124
2025,3125
2026,3126
2027,3127
2028,3128
2029,3129
2030,3130
2031,3131
2032,3132
2033,3133
2034,3134
2035,3135
2036,3136
2037,3137
2038,3138
2039,3139
2040,3140
2041,3141
2042,3142
2043,3143
2044,3144
2045,3145
2046,3146
2047,3147
2048,3148
2049,3149
2050,3150
2051,3151
2052,3152
2053,3153
2054,3154
2055,3155
2056,3156
2057,3157
2058,3158
2059,3159
2060,3160
2061,3161
2062,3162
2063,3163
2064,3164
2065,3165
2066,3166
2067,3167
2068,3168
2069,3169
2070,3170
2071,3171
2072,3172
2073,3173
2074,3174
2075,3175
2076,3176
2077,3177
2078,3178
2079,3179
2080,3180
2081,3181
2082,3182
2083,3183
2084,3184
2085,3185
2086,3186
2087,3187
2088,3188
2089,3189
2090,3190
2091,3191
2092,3192
2093,3193
2094,3194
2095,3195
2096,3196
2097,3197
2098,3198
2099,3199
2100,3200
2101,3201
2102,3202
2103,3203
2104,3204
2105,3205
2106,3206
2107,3207
2108,3208
2109,3209
2110,3210
2111,3211
2112,3212
2113,3213
2114,3214
2115,3215
2116,3216
2117,3217
2118,3218
2119,3219
2120,3220
2121,3221
2122,3222
2123,3223
2124,3224
2125,3225
2126,3226
2127,3227
2128,3228
2129,3229
2130,3230
2131,3231
2132,3232
2133,3233
2134,3234
2135,3235
2136,3236
2137,3237
2138,3238
2139,3239
2140,3240
2141,3241
2142,3242
2143,3243
2144,3244
2145,3245
2146,3246
2147,3247
2148,3248
2149,3249
2150,3250
2151,3251
2152,3252
2153,3253
2154,3254
2155,3255
2156,3256
2157,3257
2158,3258
2159,3259
2160,3260
2161,3261
2162,3262
2163,3263
2164,3264
2165,3265
2166,3266
2167,3267
2168,3268
2169,3269
2170,3270
2171,3271
2172,3272
2173,3273
2174,3274
2175,3275
2176,3276
2177,3277
2178,3278
2179,3279
2180,3280
2181,3281
2182,3282
2183,3283
2184,3284
2185,3285
2186,3286
2187,3287
2188,3288
2189,3289
2190,3290
2191,3291
2192,3292
2193,3293
2194,3294
2195,3295
2196,3296
2197,3297
2198,3298
2199,3299
2200,3300
2201,3301
2202,3302
2203,3303
2204,3304
2205,3305
2206,3306
2207,3307
2208,3308
2209,3309
2210,3310
2211,3311
2212,3312
2213,3313
2214,3314
2215,3315
2216,3316
2217,3317
2218,3318
2219,3319
2220,3320
2221,3321
2222,3322
2223,3323
2224,3324
2225,3325
2226,3326
2227,3327
2228,3328
2229,3329
2230,3330
2231,3331
2232,3332
2233,3333
2234,3334
2235,3335
2236,3336
2237,3337
2238,3338
2239,3339
2240,3340
2241,3341
2242,3342
2243,3343
2244,3344
2245,3345
2246,3346
2247,3347
2248,3348
2249,3349
2250,3350
2251,3351
2252,3352
2253,3353
2254,3354
2255,3355
2256,3356
2257,3357
2258,3358
2259,3359
2260,3360
2261,3361
2262,3362
2263,3363
2264,3364
2265,3365
2266,3366
2267,3367
2268,3368
2269,3369
2270,3370
2271,3371
2272,3372
2273,3373
2274,3374
2275,3375
2276,3376
2277,3377
2278,3378
2279,3379
2280,3380
2281,3381
2282,3382
2283,3383
2284,3384
2285,3385
2286,3386
2287,3387
2288,3388
2289,3389
2290,3390
2291,3391
2292,3392
2293,3393
2294,3394
2295,3395
2296,3396
2297,3397
2298,3398
2299,3399
2300,3400
2301,3401
2302,3402
2303,3403
2304,3404
2305,3405
2306,3406
2307,3407
2308,3408
2309,3409
2310,3410
2311,3411
2312,3412
2313,3413
2314,3414
2315,3415
2316,3416
2317,3417
2318,3418
2319,3419
2320,3420
2321,3421
2322,3422
2323,3423
2324,3424
2325,3425
2326,3426
2327,3427
2328,3428
2329,3429
2330,3430
2331,3431
2332,3432
2333,3433
2334,3434
2335,3435
2336,3436
2337,3437
2338,3438
2339,3439
2340,3440
2341,3441
2342,3442
2343,3443
2344,3444
2345,3445
2346,3446
2347,3447
2348,3448
2349,3449
2350,3450
2351,3451
2352,3452
2353,3453
2354,3454
2355,3455
2356,3456
2357,3457
2358,3458
2359,3459
2360,3460
2361,3461
2362,3462
2363,3463
2364,3464
2365,3465
2366,3466
2367,3467
2368,3468
2369,3469
2370,3470
2371,3471
2372,3472
2373,3473
2374,3474
2375,3475
2376,3476
2377,3477
2378,3478
2379,3479
2380,3480
2381,3481
2382,3482
2383,3483
2384,3484
2385,3485
2386,3486
2387,3487
2388,3488
2389,3489
2390,3490
2391,3491
2392,3492
2393,3493
2394,3494
2395,3495
2396,3496
2397,3497
2398,3498
2399,3499
2400,3500
2401,3501
2402,3502
2403,3503
2404,3504
2405,3505
2406,3506
2407,3507
2408,3508
2409,3509
2410,3510
2411,3511
2412,3512
2413,3513
2414,3514
2415,3515
2416,3516
2417,3517
2418,3518
2419,3519
2420,3520
2421,3521
2422,3522
2423,3523
2424,3524
2425,3525
2426,3526
2427,3527
2428,3528
2429,3529
2430,3530
2431,3531
2432,3532
2433,3533
2434,3534
2435,3535
2436,3536
2437,3537
2438,3538
2439,3539
2440,3540
2441,3541
2442,3542
2443,3543
2444,3544
2445,3545
2446,3546
2447,3547
2448,3548
2449,3549
2450,3550
2451,3551
2452,3552
2453,3553
2454,3554
2455,3555
2456,3556
2457,3557
2458,3558
2459,3559
2460,3560
2461,3561
2462,3562
2463,3563
2464,3564
2465,3565
2466,3566
2467,3567
2468,3568
2469,3569
2470,3570
2471,3571
2472,3572
2473,3573
2474,3574
2475,3575
2476,3576
2477,3577
2478,3578
2479,3579
2480,3580
2481,3581
2482,3582
2483,3583
2484,3584
2485,3585
2486,3586
2487,3587
2488,3588
2489,3589
2490,3590
2491,3591
2492,3592
2493,3593
2494,3594
2495,3595
2496,3596
2497,3597
2498,3598
2499,3599
2500,3600
2501,3601
2502,3602
2503,3603
2504,3604
2505,3605
2506,3606
2507,3607
2508,3608
2509,3609
2510,3610
2511,3611
2512,3612
2513,3613
2514,3614
2515,3615
2516,3616
2517,3617
2518,3618
2519,3619
2520,3620
2521,3621
2522,3622
2523,3623
2524,3624
2525,3625
2526,3626
2527,3627
2528,3628
2529,3629
2530,3630
2531,3631
2532,3632
2533,3633
2534,3634
2535,3635
2536,3636
2537,3637
2538,3638
2539,3639
2540,3640
2541,3641
2542,3642
2543,3643
2544,3644
2545,3645
2546,3646
2547,3647
2548,3648
2549,3649
2550,3650
2551,3651
2552,3652
2553,3653
2554,3654
2555,3655
2556,3656
2557,3657
2558,3658
2559,3659
2560,3660
2561,3661
2562,3662
2563,3663
2564,3664
2565,3665
2566,3666
2567,3667
2568,3668
2569,3669
2570,3670
2571,3671
2572,3672
2573,3673
2574,3674
2575,3675
2576,3676
2577,3677
2578,3678
2579,3679
2580,3680
2581,3681
2582,3682
2583,3683
2584,3684
2585,3685
2586,3686
2587,3687
2588,3688
2589,3689
2590,3690
2591,3691
2592,3692
2593,3693
2594,3694
2595,3695
2596,3696
2597,3697
2598,3698
2599,3699
2600,3700
2601,3701
2602,3702
2603,3703
2604,3704
2605,3705
2606,3706
2607,3707
2608,3708
2609,3709
2610,3710
2611,3711
2612,3712
2613,3713
2614,3714
2615,3715
2616,3716
2617,3717
2618,3718
2619,3719
2620,3720
2621,3721
2622,3722
2623,3723
2624,3724
2625,3725
2626,3726
2627,3727
2628,3728
2629,3729
2630,3730
2631,3731
2632,3732
2633,3733
2634,3734
2635,3735
2636,3736
2637,3737
2638,3738
2639,3739
2640,3740
2641,3741
2642,3742
2643,3743
2644,3744
2645,3745
2646,3746
2647,3747
2648,3748
2649,3749
2650,3750
2651,3751
2652,3752
2653,3753
2654,3754
2655,3755
2656,3756
2657,3757
2658,3758
2659,3759
2660,3760
2661,3761
2662,3762
2663,3763
2664,3764
2665,3765
2666,3766
2667,3767
2668,3768
2669,3769
2670,3770
2671,3771
2672,3772
2673,3773
2674,3774
2675,3775
2676,3776
2677,3777
2678,3778
2679,3779
2680,3780
2681,3781
2682,3782
2683,3783
2684,3784
2685,3785
2686,3786
2687,3787
2688,3788
2689,3789
2690,3790
2691,3791
2692,3792
2693,3793
2694,3794
2695,3795
2696,3796
2697,3797
2698,3798
2699,3799
2700,3800
2701,3801
2702,3802
2703,3803
2704,3804
2705,3805
2706,3806
2707,3807
2708,3808
2709,3809
2710,3810
2711,3811
2712,3812
2713,3813
2714,3814
2715,3815
2716,3816
2717,3817
2718,3818
2719,3819
2720,3820
2721,3821
2722,3822
2723,3823
2724,3824
2725,3825
2726,3826
2727,3827
2728,3828
2729,3829
2730,3830
2731,3831
2732,3832
2733,3833
2734,3834
2735,3835
2736,3836
2737,3837
2738,3838
2739,3839
2740,3840
2741,3841
2742,3842
2743,3843
2744,3844
2745,3845
2746,3846
2747,3847
2748,3848
2749,3849
2750,3850
2751,3851
2752,3852
2753,3853
2754,3854
2755,3855
2756,3856
2757,3857
2758,3858
2759,3859
2760,3860
2761,3861
2762,3862
2763,3863
2764,3864
2765,3865
2766,3866
2767,3867
2768,3868
2769,3869
2770,3870
2771,3871
2772,3872
2773,3873
2774,3874
2775,3875
2776,3876
2777,3877
2778,3878
2779,3879
2780,3880
2781,3881
2782,3882
2783,3883
2784,3884
2785,3885
2786,3886
2787,3887
2788,3888
2789,3889
2790,3890
2791,3891
2792,3892
2793,3893
2794,3894
2795,3895
2796,3896
2797,3897
2798,3898
2799,3899
2800,3900
2801,3901
2802,3902
2803,3903
2804,3904
2805,3905
2806,3906
2807,3907
2808,3908
2809,3909
2810,3910
2811,3911
2812,3912
2813,3913
2814,3914
2815,3915
2816,3916
2817,3917
2818,3918
2819,3919
2820,3920
2821,3921
2822,3922
2823,3923
2824,3924
2825,3925
2826,3926
2827,3927
2828,3928
2829,3929
2830,3930
2831,3931
2832,3932
2833,3933
2834,3934
2835,3935
2836,3936
2837,3937
2838,3938
2839,3939
2840,3940
2841,3941
2842,3942
2843,3943
2844,3944
2845,3945
2846,3946
2847,3947
2848,3948
2849,3949
2850,3950
2851,3951
2852,3952
2853,3953
2854,3954
2855,3955
2856,3956
2857,3957
2858,3958
2859,3959
2860,3960
2861,3961
2862,3962
2863,3963
2864,3964
2865,3965
2866,3966
2867,3967
2868,3968
2869,3969
2870,3970
2871,3971
2872,3972
2873,3973
2874,3974
2875,3975
2876,3976
2877,3977
2878,3978
2879,3979
2880,3980
2881,3981
2882,3982
2883,3983
2884,3984
2885,3985
2886,3986
2887,3987
2888,3988
2889,3989
2890,3990
2891,3991
2892,3992
2893,3993
2894,3994
2895,3995
2896,3996
2897,3997
2898,3998
2899,3999
2900,4000
2901,4001
2902,4002
2903,4003
2904,4004
2905,4005
2906,4006
2907,4007
2908,4008
2909,4009
2910,4010
2911,4011
2912,4012
2913,4013
2914,4014
2915,4015
2916,4016
2917,4017
2918,4018
2919,4019
2920,4020
2921,4021
2922,4022
2923,4023
2924,4024
2925,4025
2926,4026
2927,4027
2928,4028
2929,4029
2930,4030
2931,4031
2932,4032
2933,4033
2934,4034
2935,4035
2936,4036
2937,4037
2938,4038
2939,4039
2940,4040
2941,4041
2942,4042
2943,4043
2944,4044
2945,4045
2946,4046
2947,4047
2948,4048
2949,4049
2950,4050
2951,4051
2952,4052
2953,4053
2954,4054
2955,4055
2956,4056
2957,4057
2958,4058
2959,4059
2960,4060
2961,4061
2962,4062
2963,4063
2964,4064
2965,4065
2966,4066
2967,4067
2968,4068
2969,4069
2970,4070
2971,4071
2972,4072
2973,4073
2974,4074
2975,4075
2976,4076
2977,4077
2978,4078
2979,4079
2980,4080
2981,4081
2982,4082
2983,4083
2984,4084
2985,4085
2986,4086
2987,4087
2988,4088
2989,4089
2990,4090
2991,4091
2992,4092
2993,4093
2994,4094
2995,4095
2996,4096
2997,4097
2998,4098
2999,4099
3000,4100
3001,4796
3002,4969
3003,4998
3004,4685
3005,4839
3006,4850
3007,4825
3008,4514
3009,4690
3010,4518
3011,4997
3012,4821
3013,4908
3014,4556
3015,4698
3016,4860
3017,4837
3018,4590
3019,4615
3020,4945
3021,4839
3022,4673
3023,4754
3024,4501
3025,4703
3026,4787
3027,4711
3028,4642
3029,4557
3030,4937
3031,4632
3032,4811
3033,4890
3034,4702
3035,4808
3036,4729
3037,4513
3038,4776
3039,4790
3040,4770
3041,4612
3042,4659
3043,4978
3044,4959
3045,4564
3046,4872
3047,4719
3048,4683
3049,4871
3050,4897
3051,4869
3052,4769
3053,4654
3054,4669
3055,4596
3056,4845
3057,4680
3058,4926
3059,4804
3060,4817
3061,4932
3062,4536
3063,4732
3064,4698
3065,4595
3066,4702
3067,4671
3068,4555
3069,4654
3070,4809
3071,4889
3072,4829
3073,4785
3074,4607
3075,4541
3076,4982
3077,4627
3078,4933
3079,4680
3080,4798
3081,4650
3082,4674
3083,4869
3084,4735
3085,4718
3086,4870
3087,4627
3088,4792
3089,4615
3090,4792
3091,4681
3092,4727
3093,4626
3094,4526
3095,4615
3096,4834
3097,4902
3098,4699
3099,4797
3100,4591
3101,4555
3102,4852
3103,4775
3104,4794
3105,4997
3106,4677
3107,4570
3108,4890
3109,4702
3110,4814
3111,4818
3112,4838
3113,4816
3114,4806
3115,4867
3116,4818
3117,4538
3118,4863
3119,4574
3120,4900
3121,4701
3122,4993
3123,4988
3124,4910
3125,4958
3126,4580
3127,4542
3128,4509
3129,4741
3130,4596
3131,4762
3132,4737
3133,4562
3134,4601
3135,4845
3136,4976
3137,4628
3138,4606
3139,4753
3140,4732
3141,4918
3142,4731
3143,4603
3144,4540
3145,4944
3146,4987
3147,4645
3148,4948
3149,4524
3300,4700
3301,4701
3302,4702
3303,4703
3304,4704
3305,4705
3306,4706
3307,4707
3308,4708
3309,4709
3310,4710
3311,4711
3312,4712
3313,4713
3314,4714
3315,4715
3316,4716
3317,4717
3318,4718
3319,4719
3320,4720
3321,4721
3322,4722
3323,4723
3324,4724
3325,4725
3326,4726
3327,4727
3328,4728
3329,4729
3330,4730
3331,4731
3332,4732
3333,4733
3334,4734
3335,4735
3336,4736
3337,4737
3338,4738
3339,4739
3340,4740
3341,4741
3342,4742
3343,4743
3344,4744
3345,4745
3346,4746
3347,4747
3348,4748
3349,4749
3350,4750
3351,4751
3352,4752
3353,4753
3354,4754
3355,4755
3356,4756
3357,4757
3358,4758
3359,4759
3360,4760
3361,4761
3362,4762
3363,4763
3364,4764
3365,4765
3366,4766
3367,4767
3368,4768
3369,4769
3370,4770
3371,4771
3372,4772
3373,4773
3374,4774
3375,4775
3376,4776
3377,4777
3378,4778
3379,4779
3380,4780
3381,4781
3382,4782
3383,4783
3384,4784
3385,4785
3386,4786
3387,4787
3388,4788
3389,4789
3390,4790
3391,4791
3392,4792
3393,4793
3394,4794
3395,4795
3396,4796
3397,4797
3398,4798
3399,4799
3400,4800
3401,4801
3402,4802
3403,4803
3404,4804
3405,4805
3406,4806
3407,4807
3408,4808
3409,4809
3410,4810
3411,4811
3412,4812
3413,4813
3414,4814
3415,4815
3416,4816
3417,4817
3418,4818
3419,4819
3420,4820
3421,4821
3422,4822
3423,4823
3424,4824
3425,4825
3426,4826
3427,4827
3428,4828
3429,4829
3430,4830
3431,4831
3432,4832
3433,4833
3434,4834
3435,4835
3436,4836
3437,4837
3438,4838
3439,4839
3440,4840
3441,4841
3442,4842
3443,4843
3444,4844
3445,4845
3446,4846
3447,4847
3448,4848
3449,4849
3450,4850
3451,4851
3452,4852
3453,4853
3454,4854
3455,4855
3456,4856
3457,4857
3458,4858
3459,4859
3460,4860
3461,4861
3462,4862
3463,4863
3464,4864
3465,4865
3466,4866
3467,4867
3468,4868
3469,4869
3470,4870
3471,4871
3472,4872
3473,4873
3474,4874
3475,4875
3476,4876
3477,4877
3478,4878
3479,4879
3480,4880
3481,4881
3482,4882
3483,4883
3484,4884
3485,4885
3486,4886
3487,4887
3488,4888
3489,4889
3490,4890
3491,4891
3492,4892
3493,4893
3494,4894
3495,4895
3496,4896
3497,4897
3498,4898
3499,4899
3500,4900
3501,4901
3502,4902
3503,4903
3504,4904
3505,4905
3506,4906
3507,4907
3508,4908
3509,4909
3510,4910
3511,4911
3512,4912
3513,4913
3514,4914
3515,4915
3516,4916
3517,4917
3518,4918
3519,4919
3520,4920
3521,4921
3522,4922
3523,4923
3524,4924
3525,4925
3526,4926
3527,4927
3528,4928
3529,4929
3530,4930
3531,4931
3532,4932
3533,4933
3534,4934
3535,4935
3536,4936
3537,4937
3538,4938
3539,4939
3540,4940
3541,4941
3542,4942
3543,4943
3544,4944
3545,4945
3546,4946
3547,4947
3548,4948
3549,4949
3550,4950
3551,4951
3552,4952
3553,4953
3554,4954
3555,4955
3556,4956
3557,4957
3558,4958
3559,4959
3560,4960
3561,4961
3562,4962
3563,4963
3564,4964
3565,4965
3566,4966
3567,4967
3568,4968
3569,4969
3570,4970
3571,4971
3572,4972
3573,4973
3574,4974
3575,4975
3576,4976
3577,4977
3578,4978
3579,4979
3580,4980
3581,4981
3582,4982
3583,4983
3584,4984
3585,4985
3586,4986
3587,4987
3588,4988
3589,4989
3590,4990
3591,4991
3592,4992
3593,4993
3594,4994
3595,4995
3596,4996
3597,4997
3598,4998
3599,4999
3600,5000
3601,5001
3602,5002
3603,5003
3604,5004
3605,5005
3606,5006
3607,5007
3608,5008
3609,5009
3610,5010
3611,5011
3612,5012
3613,5013
3614,5014
3615,5015
3616,5016
3617,5017
3618,5018
3619,5019
3620,5020
3621,5021
3622,5022
3623,5023
3624,5024
3625,5025
3626,5026
3627,5027
3628,5028
3629,5029
3630,5030
3631,5031
3632,5032
3633,5033
3634,5034
3635,5035
3636,5036
3637,5037
3638,5038
3639,5039
3640,5040
3641,5041
3642,5042
3643,5043
3644,5044
3645,5045
3646,5046
3647,5047
3648,5048
3649,5049
3650,5050
3651,5051
3652,5052
3653,5053
3654,5054
3655,5055
3656,5056
3657,5057
3658,5058
3659,5059
3660,5060
3661,5061
3662,5062
3663,5063
3664,5064
3665,5065
3666,5066
3667,5067
3668,5068
3669,5069
3670,5070
3671,5071
3672,5072
3673,5073
3674,5074
3675,5075
3676,5076
3677,5077
3678,5078
3679,5079
3680,5080
3681,5081
3682,5082
3683,5083
3684,5084
3685,5085
3686,5086
3687,5087
3688,5088
3689,5089
3690,5090
3691,5091
3692,5092
3693,5093
3694,5094
3695,5095
3696,5096
3697,5097
3698,5098
3699,5099
3700,5100
3701,5101
3702,5102
3703,5103
3704,5104
3705,5105
3706,5106
3707,5107
3708,5108
3709,5109
3710,5110
3711,5111
3712,5112
3713,5113
3714,5114
3715,5115
3716,5116
3717,5117
3718,5118
3719,5119
3720,5120
3721,5121
3722,5122
3723,5123
3724,5124
3725,5125
3726,5126
3727,5127
3728,5128
3729,5129
3730,5130
3731,5131
3732,5132
3733,5133
3734,5134
3735,5135
3736,5136
3737,5137
3738,5138
3739,5139
3740,5140
3741,5141
3742,5142
3743,5143
3744,5144
3745,5145
3746,5146
3747,5147
3748,5148
3749,5149
3750,5150
3751,5151
3752,5152
3753,5153
3754,5154
3755,5155
3756,5156
3757,5157
3758,5158
3759,5159
3760,5160
3761,5161
3762,5162
3763,5163
3764,5164
3765,5165
3766,5166
3767,5167
3768,5168
3769,5169
3770,5170
3771,5171
3772,5172
3773,5173
3774,5174
3775,5175
3776,5176
3777,5177
3778,5178
3779,5179
3780,5180
3781,5181
3782,5182
3783,5183
3784,5184
3785,5185
3786,5186
3787,5187
3788,5188
3789,5189
3790,5190
3791,5191
3792,5192
3793,5193
3794,5194
3795,5195
3796,5196
3797,5197
3798,5198
3799,5199
3800,5200
3801,5201
3802,5202
3803,5203
3804,5204
3805,5205
3806,5206
3807,5207
3808,5208
3809,5209
3810,5210
3811,5211
3812,5212
3813,5213
3814,5214
3815,5215
3816,5216
3817,5217
3818,5218
3819,5219
3820,5220
3821,5221
3822,5222
3823,5223
3824,5224
3825,5225
3826,5226
3827,5227
3828,5228
3829,5229
3830,5230
3831,5231
3832,5232
3833,5233
3834,5234
3835,5235
3836,5236
3837,5237
3838,5238
3839,5239
3840,5240
3841,5241
3842,5242
3843,5243
3844,5244
3845,5245
3846,5246
3847,5247
3848,5248
3849,5249
3850,5250
3851,5251
3852,5252
3853,5253
3854,5254
3855,5255
3856,5256
3857,5257
3858,5258
3859,5259
3860,5260
3861,5261
3862,5262
3863,5263
3864,5264
3865,5265
3866,5266
3867,5267
3868,5268
3869,5269
3870,5270
3871,5271
3872,5272
3873,5273
3874,5274
3875,5275
3876,5276
3877,5277
3878,5278
3879,5279
3880,5280
3881,5281
3882,5282
3883,5283
3884,5284
3885,5285
3886,5286
3887,5287
3888,5288
3889,5289
3890,5290
3891,5291
3892,5292
3893,5293
3894,5294
3895,5295
3896,5296
3897,5297
3898,5298
3899,5299
3900,5300
3901,5301
3902,5302
3903,5303
3904,5304
3905,5305
3906,5306
3907,5307
3908,5308
3909,5309
3910,5310
3911,5311
3912,5312
3913,5313
3914,5314
3915,5315
3916,5316
3917,5317
3918,5318
3919,5319
3920,5320
3921,5321
3922,5322
3923,5323
3924,5324
3925,5325
3926,5326
3927,5327
3928,5328
3929,5329
3930,5330
3931,5331
3932,5332
3933,5333
3934,5334
3935,5335
3936,5336
3937,5337
3938,5338
3939,5339
3940,5340
3941,5341
3942,5342
3943,5343
3944,5344
3945,5345
3946,5346
3947,5347
3948,5348
3949,5349
3950,5350
3951,5351
3952,5352
3953,5353
3954,5354
3955,5355
3956,5356
3957,5357
3958,5358
3959,5359
3960,5360
3961,5361
3962,5362
3963,5363
3964,5364
3965,5365
3966,5366
3967,5367
3968,5368
3969,5369
3970,5370
3971,5371
3972,5372
3973,5373
3974,5374
3975,5375
3976,5376
3977,5377
3978,5378
3979,5379
3980,5380
3981,5381
3982,5382
3983,5383
3984,5384
3985,5385
3986,5386
3987,5387
3988,5388
3989,5389
3990,5390
3991,5391
3992,5392
3993,5393
3994,5394
3995,5395
3996,5396
3997,5397
3998,5398
3999,5399
4000,5400
4001,5401
4002,5402
4003,5403
4004,5404
4005,5405
4006,5406
4007,5407
4008,5408
4009,5409
4010,5410
4011,5411
4012,5412
4013,5413
4014,5414
4015,5415
4016,5416
4017,5417
4018,5418
4019,5419
4020,5420
4021,5421
4022,5422
4023,5423
4024,5424
4025,5425
4026,5426
4027,5427
4028,5428
4029,5429
4030,5430
4031,5431
4032,5432
4033,5433
4034,5434
4035,5435
4036,5436
4037,5437
4038,5438
4039,5439
4040,5440
4041,5441
4042,5442
4043,5443
4044,5444
4045,5445
4046,5446
4047,5447
4048,5448
4049,5449
4050,5450
4051,5451
4052,5452
4053,5453
4054,5454
4055,5455
4056,5456
4057,5457
4058,5458
4059,5459
4060,5460
4061,5461
4062,5462
4063,5463
4064,5464
4065,5465
4066,5466
4067,5467
4068,5468
4069,5469
4070,5470
4071,5471
4072,5472
4073,5473
4074,5474
4075,5475
4076,5476
4077,5477
4078,5478
4079,5479
4080,5480
4081,5481
4082,5482
4083,5483
4084,5484
4085,5485
4086,5486
4087,5487
4088,5488
4089,5489
4090,5490
4091,5491
4092,5492
4093,5493
4094,5494
4095,5495
4096,5496
4097,5497
4098,5498
4099,5499
4100,5500
4101,5501
4102,5502
4103,5503
4104,5504
4105,5505
4106,5506
4107,5507
4108,5508
4109,5509
4110,5510
4111,5511
4112,5512
4113,5513
4114,5514
4115,5515
4116,5516
4117,5517
4118,5518
4119,5519
4120,5520
4121,5521
4122,5522
4123,5523
4124,5524
4125,5525
4126,5526
4127,5527
4128,5528
4129,5529
4130,5530
4131,5531
4132,5532
4133,5533
4134,5534
4135,5535
4136,5536
4137,5537
4138,5538
4139,5539
4140,5540
4141,5541
4142,5542
4143,5543
4144,5544
4145,5545
4146,5546
4147,5547
4148,5548
4149,5549
4150,5550
4151,5551
4152,5552
4153,5553
4154,5554
4155,5555
4156,5556
4157,5557
4158,5558
4159,5559
4160,5560
4161,5561
4162,5562
4163,5563
4164,5564
4165,5565
4166,5566
4167,5567
4168,5568
4169,5569
4170,5570
4171,5571
4172,5572
4173,5573
4174,5574
4175,5575
4176,5576
4177,5577
4178,5578
4179,5579
4180,5580
4181,5581
4182,5582
4183,5583
4184,5584
4185,5585
4186,5586
4187,5587
4188,5588
4189,5589
4190,5590
4191,5591
4192,5592
4193,5593
4194,5594
4195,5595
4196,5596
4197,5597
4198,5598
4199,5599
4200,5600
4201,5601
4202,5602
4203,5603
4204,5604
4205,5605
4206,5606
4207,5607
4208,5608
4209,5609
4210,5610
4211,5611
4212,5612
4213,5613
4214,5614
4215,5615
4216,5616
4217,5617
4218,5618
4219,5619
4220,5620
4221,5621
4222,5622
4223,5623
4224,5624
4225,5625
4226,5626
4227,5627
4228,5628
4229,5629
4230,5630
4231,5631
4232,5632
4233,5633
4234,5634
4235,5635
4236,5636
4237,5637
4238,5638
4239,5639
4240,5640
4241,5641
4242,5642
4243,5643
4244,5644
4245,5645
4246,5646
4247,5647
4248,5648
4249,5649
4250,5650
4251,5651
4252,5652
4253,5653
4254,5654
4255,5655
4256,5656
4257,5657
4258,5658
4259,5659
4260,5660
4261,5661
4262,5662
4263,5663
4264,5664
4265,5665
4266,5666
4267,5667
4268,5668
4269,5669
4270,5670
4271,5671
4272,5672
4273,5673
4274,5674
4275,5675
4276,5676
4277,5677
4278,5678
4279,5679
4280,5680
4281,5681
4282,5682
4283,5683
4284,5684
4285,5685
4286,5686
4287,5687
4288,5688
4289,5689
4290,5690
4291,5691
4292,5692
4293,5693
4294,5694
4295,5695
4296,5696
4297,5697
4298,5698
4299,5699
4300,5700
4301,5701
4302,5702
4303,5703
4304,5704
4305,5705
4306,5706
4307,5707
4308,5708
4309,5709
4310,5710
4311,5711
4312,5712
4313,5713
4314,5714
4315,5715
4316,5716
4317,5717
4318,5718
4319,5719
4320,5720
4321,5721
4322,5722
4323,5723
4324,5724
4325,5725
4326,5726
4327,5727
4328,5728
4329,5729
4330,5730
4331,5731
4332,5732
4333,5733
4334,5734
4335,5735
4336,5736
4337,5737
4338,5738
4339,5739
4340,5740
4341,5741
4342,5742
4343,5743
4344,5744
4345,5745
4346,5746
4347,5747
4348,5748
4349,5749
4350,5750
4351,5751
4352,5752
4353,5753
4354,5754
4355,5755
4356,5756
4357,5757
4358,5758
4359,5759
4360,5760
4361,5761
4362,5762
4363,5763
4364,5764
4365,5765
4366,5766
4367,5767
4368,5768
4369,5769
4370,5770
4371,5771
4372,5772
4373,5773
4374,5774
4375,5775
4376,5776
4377,5777
4378,5778
4379,5779
4380,5780
4381,5781
4382,5782
4383,5783
4384,5784
4385,5785
4386,5786
4387,5787
4388,5788
4389,5789
4390,5790
4391,5791
4392,5792
4393,5793
4394,5794
4395,5795
4396,5796
4397,5797
4398,5798
4399,5799
4400,5800
4401,5801
4402,5802
4403,5803
4404,5804
4405,5805
4406,5806
4407,5807
4408,5808
4409,5809
4410,5810
4411,5811
4412,5812
4413,5813
4414,5814
4415,5815
4416,5816
4417,5817
4418,5818
4419,5819
4420,5820
4421,5821
4422,5822
4423,5823
4424,5824
4425,5825
4426,5826
4427,5827
4428,5828
4429,5829
4430,5830
4431,5831
4432,5832
4433,5833
4434,5834
4435,5835
4436,5836
4437,5837
4438,5838
4439,5839
4440,5840
4441,5841
4442,5842
4443,5843
4444,5844
4445,5845
4446,5846
4447,5847
4448,5848
4449,5849
4450,5850
4451,5851
4452,5852
4453,5853
4454,5854
4455,5855
4456,5856
4457,5857
4458,5858
4459,5859
4460,5860
4461,5861
4462,5862
4463,5863
4464,5864
4465,5865
4466,5866
4467,5867
4468,5868
4469,5869
4470,5870
4471,5871
4472,5872
4473,5873
4474,5874
4475,5875
4476,5876
4477,5877
4478,5878
4479,5879
4480,5880
4481,5881
4482,5882
4483,5883
4484,5884
4485,5885
4486,5886
4487,5887
4488,5888
4489,5889
4490,5890
4491,5891
4492,5892
4493,5893
4494,5894
4495,5895
4496,5896
4497,5897
4498,5898
4499,5899
