id_contrat,id_agent,id_musicien,date_debut,date_fin
1,93,1,2011-7-14,2012-2-25
2,99,2,2010-12-13,2013-6-17
3,65,3,2011-10-18,2022-2-12
4,25,4,2010-12-7,2021-9-23
5,59,5,2010-7-13,2025-7-28
6,82,6,2011-4-20,2022-3-7
7,13,7,2010-9-4,2020-12-4
8,16,8,2010-7-24,2012-11-24
9,98,9,2010-6-1,2019-6-16
10,100,10,2011-10-19,2020-2-26
11,69,11,2011-8-9,2015-4-2
12,95,12,2010-9-20,2014-10-4
13,98,13,2010-8-21,2024-8-22
14,23,14,2011-6-1,2012-1-28
15,45,15,2011-9-7,2016-11-14
16,19,16,2010-12-3,2024-5-17
17,76,17,2011-9-20,2025-10-25
18,6,18,2010-6-25,2014-7-11
19,26,19,2011-2-6,2020-2-5
20,27,20,2011-5-13,2023-3-14
21,5,21,2011-5-12,2023-2-6
22,81,22,2011-9-1,2021-11-16
23,2,23,2010-9-27,2013-11-23
24,38,24,2011-9-22,2021-12-20
25,70,25,2011-11-9,2019-10-22
26,14,26,2010-11-11,2018-1-4
27,76,27,2011-8-28,2018-1-6
28,96,28,2010-11-26,2017-5-14
29,73,29,2011-8-7,2012-11-13
30,35,30,2010-12-27,2021-10-22
31,83,31,2011-6-3,2023-7-25
32,59,32,2011-2-23,2017-7-1
33,46,33,2010-3-1,2012-2-6
34,86,34,2011-7-25,2015-8-7
35,47,35,2010-2-12,2013-9-4
36,2,36,2011-7-17,2013-5-15
37,14,37,2011-7-7,2022-5-10
38,51,38,2010-5-6,2022-2-26
39,88,39,2011-8-12,2025-2-28
40,78,40,2011-8-1,2013-8-14
41,85,41,2010-2-5,2015-4-1
42,87,42,2010-6-23,2016-3-9
43,14,43,2010-1-17,2017-1-16
44,11,44,2011-12-12,2024-5-13
45,38,45,2010-11-26,2021-7-14
46,79,46,2010-6-6,2017-6-27
47,32,47,2010-11-18,2025-7-15
48,40,48,2010-6-14,2016-11-27
49,68,49,2011-8-19,2017-8-21
50,16,50,2011-12-19,2021-11-14
51,43,51,2011-6-6,2013-8-19
52,90,52,2010-8-4,2015-3-9
53,89,53,2010-7-5,2025-8-22
54,74,54,2010-8-19,2019-7-17
55,44,55,2010-11-22,2022-12-8
56,95,56,2010-8-6,2017-5-10
57,19,57,2010-7-10,2014-7-22
58,37,58,2011-11-27,2017-4-23
59,75,59,2010-9-15,2016-12-27
60,35,60,2010-10-26,2017-12-11
61,97,61,2011-8-28,2023-8-5
62,63,62,2010-5-6,2020-7-17
63,85,63,2011-1-1,2019-5-14
64,91,64,2010-12-22,2021-5-16
65,82,65,2011-9-15,2023-12-6
66,27,66,2010-11-9,2025-2-1
67,41,67,2011-10-14,2022-11-24
68,59,68,2010-7-18,2017-12-15
69,96,69,2011-6-15,2014-10-2
70,62,70,2010-3-6,2013-11-7
71,21,71,2011-8-6,2020-10-6
72,64,72,2010-6-8,2022-7-5
73,87,73,2010-10-18,2016-2-11
74,48,74,2010-5-27,2020-7-22
75,84,75,2011-7-26,2013-2-14
76,19,76,2011-9-18,2017-12-7
77,82,77,2011-7-24,2012-4-22
78,97,78,2010-12-23,2016-7-13
79,21,79,2011-5-22,2017-7-3
80,44,80,2011-2-1,2023-1-3
81,84,81,2010-8-18,2021-3-25
82,81,82,2011-11-2,2017-8-18
83,11,83,2011-1-24,2023-6-14
84,43,84,2011-4-15,2016-2-9
85,12,85,2010-8-28,2019-5-16
86,28,86,2011-6-13,2018-1-16
87,14,87,2011-7-5,2022-3-12
88,90,88,2010-1-17,2015-10-26
89,18,89,2011-1-5,2015-11-10
90,18,90,2010-3-20,2016-12-4
91,50,91,2010-12-7,2020-4-28
92,44,92,2011-6-22,2020-3-19
93,39,93,2010-3-9,2022-12-2
94,18,94,2011-7-22,2019-12-15
95,87,95,2010-4-1,2012-1-1
96,32,96,2011-12-18,2015-12-10
97,19,97,2011-5-17,2015-9-1
98,75,98,2011-10-15,2014-3-8
99,60,99,2011-6-14,2024-4-4
100,31,100,2010-7-2,2021-4-19
101,53,101,2011-2-7,2022-7-19
102,51,102,2011-11-11,2020-10-3
103,15,103,2011-8-5,2019-1-23
104,80,104,2010-1-27,2018-10-25
105,63,105,2011-3-22,2018-1-11
106,40,106,2011-5-12,2015-7-14
107,61,107,2011-8-5,2018-6-2
108,42,108,2011-11-7,2014-11-12
109,24,109,2010-7-1,2019-12-28
110,57,110,2010-5-2,2014-11-27
111,10,111,2011-7-21,2024-2-7
112,78,112,2010-6-12,2023-6-11
113,83,113,2011-4-27,2016-1-19
114,32,114,2010-12-22,2014-8-27
115,28,115,2010-9-1,2017-10-27
116,21,116,2010-10-20,2019-9-4
117,8,117,2010-5-25,2017-12-12
118,81,118,2010-8-9,2017-6-5
119,39,119,2011-7-28,2013-8-24
120,55,120,2010-12-15,2023-5-6
121,69,121,2010-9-3,2024-9-15
122,1,122,2011-6-11,2019-6-10
123,78,123,2010-4-15,2014-5-4
124,15,124,2010-9-15,2022-12-14
125,16,125,2011-12-22,2020-9-17
126,43,126,2010-5-5,2023-5-16
127,66,127,2010-8-28,2020-2-24
128,74,128,2011-12-11,2014-3-1
129,94,129,2011-10-1,2014-8-13
130,75,130,2010-12-23,2017-2-5
131,77,131,2011-3-3,2025-10-13
132,28,132,2011-4-13,2022-9-12
133,35,133,2010-5-12,2025-6-10
134,56,134,2011-1-20,2019-11-15
135,90,135,2010-1-8,2015-12-11
136,98,136,2011-7-7,2017-9-2
137,33,137,2011-3-20,2025-1-22
138,25,138,2011-11-11,2017-11-24
139,35,139,2011-3-26,2016-8-15
140,93,140,2010-1-14,2017-11-6
141,87,141,2011-7-8,2021-9-8
142,8,142,2010-4-18,2016-6-13
143,86,143,2011-4-28,2022-3-7
144,90,144,2010-12-17,2021-3-7
145,47,145,2011-2-8,2024-6-17
146,25,146,2010-11-8,2014-2-2
147,9,147,2011-2-7,2023-10-25
148,50,148,2010-8-11,2020-5-1
149,46,149,2010-9-18,2021-2-20
150,77,150,2011-2-8,2012-9-24
151,73,151,2010-8-27,2021-9-7
152,59,152,2011-11-21,2024-9-14
153,45,153,2010-7-25,2018-2-4
154,1,154,2011-4-22,2016-6-11
155,95,155,2011-8-8,2018-1-20
156,28,156,2010-1-27,2025-2-12
157,59,157,2010-1-9,2019-8-27
158,68,158,2011-10-27,2017-9-9
159,55,159,2010-3-13,2025-6-26
160,92,160,2010-4-27,2012-8-8
161,32,161,2011-10-28,2023-11-5
162,81,162,2010-7-22,2012-10-25
163,100,163,2010-8-21,2020-3-3
164,85,164,2011-8-21,2023-1-4
165,58,165,2011-1-12,2017-10-12
166,53,166,2010-5-6,2022-6-12
167,27,167,2010-2-18,2023-1-2
168,40,168,2010-3-10,2017-11-26
169,86,169,2011-8-2,2025-5-7
170,84,170,2010-6-20,2019-7-15
171,73,171,2010-6-26,2023-1-3
172,85,172,2011-2-8,2024-9-3
173,75,173,2011-12-23,2025-12-19
174,60,174,2010-10-7,2019-3-10
175,54,175,2010-11-16,2020-6-27
176,95,176,2010-2-23,2021-2-21
177,21,177,2011-10-27,2025-7-10
178,14,178,2010-7-7,2012-2-7
179,81,179,2010-6-22,2016-5-8
180,64,180,2010-7-8,2018-10-1
181,88,181,2010-6-3,2019-10-26
182,29,182,2010-10-27,2013-11-8
183,18,183,2011-7-10,2021-10-8
184,22,184,2011-1-20,2017-5-13
185,3,185,2010-8-27,2017-5-5
186,28,186,2011-1-4,2012-3-14
187,92,187,2010-8-11,2019-2-1
188,80,188,2011-2-25,2022-10-20
189,13,189,2010-8-3,2021-9-25
190,34,190,2011-7-16,2021-3-27
191,75,191,2011-9-27,2012-8-4
192,6,192,2010-3-13,2018-12-6
193,43,193,2010-11-16,2014-1-17
194,36,194,2010-3-27,2013-4-12
195,76,195,2010-5-5,2019-4-13
196,94,196,2011-11-20,2012-2-20
197,29,197,2011-5-14,2017-3-20
198,60,198,2011-10-22,2019-12-5
199,12,199,2011-7-23,2020-4-25
200,6,200,2011-12-7,2023-11-27
201,99,201,2010-1-23,2020-11-14
202,16,202,2010-9-8,2020-9-14
203,24,203,2010-3-12,2018-2-9
204,28,204,2010-12-7,2015-9-3
205,58,205,2011-12-5,2013-12-11
206,65,206,2011-11-19,2021-10-15
207,99,207,2010-6-9,2021-3-17
208,71,208,2010-5-21,2021-10-3
209,97,209,2011-9-19,2025-8-6
210,57,210,2010-8-5,2021-6-2
211,12,211,2010-12-22,2024-12-1
212,44,212,2011-8-21,2022-6-16
213,38,213,2011-1-16,2013-6-5
214,10,214,2010-8-17,2014-7-3
215,94,215,2010-4-1,2024-5-3
216,66,216,2010-5-16,2021-2-6
217,54,217,2011-6-13,2018-7-1
218,54,218,2010-6-18,2017-9-4
219,28,219,2011-8-17,2019-9-15
220,26,220,2010-4-7,2019-5-20
221,4,221,2010-12-12,2025-8-9
222,77,222,2010-9-19,2022-6-24
223,97,223,2010-5-11,2012-10-12
224,71,224,2010-5-11,2021-5-3
225,79,225,2011-9-24,2024-7-25
226,27,226,2011-2-22,2016-4-11
227,18,227,2010-10-5,2022-9-18
228,60,228,2010-7-19,2019-10-15
229,97,229,2011-11-15,2017-11-12
230,19,230,2010-1-7,2025-7-27
231,7,231,2010-6-28,2016-3-21
232,97,232,2011-9-9,2023-2-3
233,14,233,2011-8-14,2013-8-5
234,62,234,2010-9-24,2013-2-3
235,45,235,2011-1-22,2025-12-3
236,50,236,2010-9-9,2019-2-3
237,53,237,2010-9-4,2025-5-10
238,76,238,2011-7-23,2022-12-3
239,4,239,2010-2-8,2016-4-24
240,2,240,2010-6-17,2012-7-10
241,78,241,2010-4-5,2015-10-12
242,90,242,2011-2-20,2025-5-4
243,60,243,2011-8-26,2015-9-19
244,91,244,2011-10-9,2013-2-4
245,5,245,2011-4-28,2016-8-5
246,9,246,2010-10-12,2021-2-20
247,80,247,2010-10-12,2021-7-21
248,34,248,2010-1-5,2025-3-27
249,32,249,2010-7-12,2017-4-23
250,86,250,2011-10-26,2022-5-25
251,2,251,2011-6-12,2025-10-17
252,96,252,2011-5-17,2025-11-14
253,97,253,2011-12-9,2014-9-18
254,77,254,2011-10-25,2020-10-6
255,40,255,2010-11-14,2018-7-16
256,98,256,2011-5-4,2014-2-22
257,52,257,2010-9-12,2017-6-18
258,88,258,2010-1-15,2019-5-20
259,62,259,2010-8-4,2016-5-6
260,97,260,2010-3-16,2022-1-23
261,39,261,2010-12-10,2019-9-20
262,79,262,2010-7-6,2013-7-7
263,81,263,2010-4-2,2015-8-20
264,81,264,2010-9-14,2022-10-7
265,77,265,2011-10-27,2018-3-3
266,37,266,2011-4-24,2025-6-17
267,71,267,2011-11-4,2020-7-4
268,5,268,2010-8-3,2016-1-16
269,83,269,2011-6-1,2021-5-23
270,96,270,2010-4-24,2021-4-5
271,19,271,2010-2-28,2022-1-27
272,41,272,2010-2-8,2017-4-18
273,8,273,2010-6-17,2017-3-5
274,60,274,2011-5-19,2015-6-1
275,66,275,2011-7-10,2021-2-24
276,32,276,2011-5-13,2013-12-23
277,56,277,2010-3-12,2024-12-15
278,70,278,2011-2-27,2020-6-25
279,31,279,2011-4-8,2024-8-22
280,73,280,2011-7-24,2022-1-25
281,40,281,2010-5-28,2023-7-28
282,78,282,2010-6-25,2012-2-25
283,88,283,2011-10-2,2016-9-26
284,64,284,2010-2-17,2025-1-3
285,98,285,2011-12-17,2024-4-3
286,45,286,2011-9-18,2018-9-17
287,20,287,2011-5-11,2017-2-25
288,41,288,2011-5-16,2025-11-14
289,66,289,2011-11-19,2016-9-15
290,74,290,2010-3-15,2015-7-1
291,96,291,2010-8-25,2020-11-19
292,88,292,2010-12-19,2024-4-21
293,29,293,2010-6-28,2019-9-22
294,43,294,2011-10-18,2023-3-11
295,44,295,2010-11-8,2018-2-10
296,91,296,2011-4-16,2018-1-27
297,76,297,2011-12-18,2023-2-1
298,85,298,2010-11-17,2019-4-7
299,48,299,2011-9-9,2020-8-17
300,61,300,2010-8-1,2022-12-16
301,64,301,2010-12-9,2021-9-4
302,96,302,2010-1-27,2015-7-20
303,45,303,2010-10-10,2023-12-9
304,78,304,2010-5-3,2021-3-23
305,47,305,2011-2-24,2013-9-5
306,25,306,2011-2-13,2014-12-11
307,89,307,2010-7-1,2016-10-28
308,33,308,2011-9-25,2012-3-24
309,68,309,2011-12-9,2021-10-22
310,30,310,2011-5-21,2021-5-11
311,22,311,2010-8-1,2023-1-17
312,94,312,2011-12-16,2014-6-4
313,12,313,2010-5-14,2016-6-9
314,41,314,2010-2-15,2020-5-9
315,13,315,2011-1-2,2013-12-8
316,12,316,2011-1-8,2012-4-9
317,86,317,2011-12-9,2025-6-20
318,89,318,2011-12-15,2013-7-9
319,74,319,2010-1-26,2017-11-20
320,47,320,2011-12-9,2017-11-3
321,80,321,2010-4-22,2013-2-25
322,7,322,2010-10-21,2016-9-28
323,39,323,2011-6-2,2012-3-21
324,29,324,2011-4-2,2013-8-27
325,81,325,2010-5-17,2021-6-15
326,69,326,2011-10-24,2017-10-19
327,48,327,2011-8-8,2017-12-7
328,71,328,2011-5-24,2023-6-28
329,57,329,2010-9-27,2013-11-7
330,77,330,2010-11-14,2022-3-23
331,51,331,2011-9-2,2019-1-28
332,46,332,2010-5-25,2018-4-26
333,89,333,2010-5-15,2017-11-28
334,35,334,2010-8-26,2019-5-18
335,40,335,2010-3-28,2014-8-25
336,12,336,2011-8-2,2021-7-26
337,58,337,2011-3-13,2014-1-6
338,23,338,2010-11-13,2012-11-27
339,97,339,2011-3-2,2012-5-21
340,84,340,2011-10-18,2017-7-5
341,100,341,2010-10-12,2015-5-4
342,8,342,2010-9-19,2012-1-19
343,67,343,2010-2-9,2012-8-28
344,61,344,2011-2-5,2012-1-23
345,21,345,2011-3-12,2013-2-28
346,28,346,2011-12-16,2019-3-23
347,76,347,2010-12-22,2015-11-17
348,18,348,2011-6-6,2014-11-19
349,35,349,2011-1-28,2020-12-25
350,61,350,2010-4-22,2020-10-24
351,48,351,2011-5-6,2018-11-12
352,81,352,2011-4-4,2016-3-17
353,8,353,2011-11-10,2018-8-6
354,45,354,2010-12-1,2012-5-3
355,51,355,2011-7-15,2019-9-12
356,88,356,2010-11-16,2025-5-9
357,40,357,2010-9-4,2016-9-8
358,92,358,2010-3-28,2021-12-15
359,69,359,2011-11-1,2014-8-1
360,16,360,2010-8-13,2024-12-20
361,95,361,2010-4-13,2024-6-20
362,45,362,2011-4-21,2022-8-9
363,100,363,2010-11-9,2021-3-28
364,6,364,2010-2-13,2014-11-21
365,46,365,2010-8-1,2025-1-17
366,90,366,2010-4-20,2020-4-16
367,51,367,2011-8-5,2017-3-2
368,40,368,2010-10-16,2023-7-15
369,43,369,2010-9-12,2017-8-20
370,99,370,2011-10-20,2019-12-2
371,22,371,2011-6-1,2021-12-10
372,17,372,2010-11-21,2016-5-15
373,61,373,2011-5-17,2023-10-22
374,42,374,2011-12-21,2012-3-14
375,77,375,2011-5-17,2012-2-24
376,38,376,2010-4-13,2024-9-23
377,25,377,2010-8-14,2021-4-4
378,61,378,2010-7-8,2018-5-5
379,77,379,2011-12-23,2022-5-28
380,43,380,2010-2-16,2019-3-3
381,19,381,2010-10-26,2020-7-27
382,43,382,2010-10-22,2020-8-16
383,30,383,2010-6-5,2019-1-17
384,88,384,2010-1-22,2020-2-8
385,9,385,2010-2-12,2023-4-14
386,42,386,2010-10-14,2012-3-16
387,77,387,2011-3-17,2018-2-8
388,16,388,2010-7-21,2024-2-12
389,7,389,2010-2-5,2018-12-26
390,35,390,2010-12-4,2019-4-13
391,80,391,2010-10-13,2023-10-7
392,34,392,2010-6-28,2020-11-17
393,92,393,2010-9-17,2021-11-21
394,29,394,2011-5-19,2016-6-18
395,76,395,2011-1-18,2025-9-27
396,46,396,2011-9-5,2019-12-7
397,96,397,2011-9-3,2012-6-24
398,25,398,2010-12-28,2023-7-18
399,25,399,2010-8-2,2015-4-2
400,22,400,2010-2-7,2013-11-26
401,38,401,2010-6-27,2023-8-6
402,49,402,2010-1-22,2020-7-6
403,47,403,2011-8-6,2015-1-9
404,46,404,2010-9-22,2016-10-14
405,40,405,2011-9-13,2012-7-6
406,83,406,2010-7-14,2017-3-10
407,52,407,2011-3-20,2017-1-8
408,3,408,2011-3-8,2024-8-12
409,48,409,2011-9-11,2025-5-4
410,62,410,2010-4-2,2013-11-9
411,31,411,2010-4-3,2017-8-11
412,11,412,2010-4-3,2023-5-2
413,86,413,2011-10-1,2020-7-14
414,25,414,2010-3-28,2021-12-18
415,85,415,2010-9-21,2025-5-10
416,16,416,2011-11-10,2025-10-26
417,21,417,2010-7-27,2024-4-9
418,33,418,2010-11-5,2019-2-15
419,36,419,2011-5-24,2025-5-18
420,48,420,2011-3-8,2012-6-27
421,69,421,2010-10-13,2025-4-19
422,12,422,2010-10-22,2016-12-14
423,91,423,2010-5-14,2014-6-23
424,12,424,2010-6-22,2020-1-12
425,58,425,2010-7-26,2016-1-6
426,7,426,2010-10-2,2022-7-6
427,93,427,2011-10-3,2014-12-7
428,56,428,2011-7-13,2013-6-24
429,100,429,2010-2-19,2021-5-16
430,52,430,2010-4-20,2015-11-14
431,77,431,2011-12-17,2020-1-24
432,10,432,2010-11-27,2017-9-7
433,80,433,2011-1-4,2016-6-10
434,55,434,2010-7-1,2021-5-3
435,89,435,2011-11-15,2018-7-24
436,25,436,2010-10-15,2017-3-14
437,42,437,2010-10-18,2021-1-7
438,59,438,2010-4-6,2018-1-4
439,4,439,2011-12-23,2018-5-25
440,92,440,2011-4-25,2013-6-4
441,41,441,2010-7-10,2016-6-1
442,60,442,2011-11-26,2018-11-10
443,51,443,2010-7-18,2012-2-1
444,27,444,2010-10-8,2019-5-4
445,78,445,2011-8-12,2013-12-13
446,13,446,2011-8-14,2015-10-5
447,62,447,2011-9-20,2023-4-27
448,33,448,2010-9-3,2012-7-19
449,88,449,2011-10-13,2018-10-17
450,67,450,2011-5-17,2025-11-3
451,44,451,2010-11-7,2022-5-10
452,33,452,2010-1-19,2016-8-3
453,78,453,2011-10-25,2020-12-10
454,98,454,2011-11-11,2013-6-3
455,50,455,2011-11-7,2012-10-15
456,6,456,2010-10-5,2025-6-26
457,46,457,2011-5-25,2020-4-26
458,5,458,2011-1-10,2023-8-21
459,48,459,2011-7-26,2015-8-17
460,74,460,2010-6-5,2025-3-15
461,9,461,2010-12-4,2020-7-2
462,36,462,2010-7-9,2018-9-25
463,32,463,2011-10-25,2021-5-20
464,17,464,2010-9-27,2016-10-2
465,81,465,2010-11-13,2022-7-9
466,6,466,2010-8-26,2016-1-2
467,55,467,2010-5-7,2015-11-17
468,51,468,2010-12-24,2017-7-26
469,7,469,2011-2-18,2018-11-27
470,90,470,2010-3-2,2012-11-4
471,49,471,2010-11-8,2016-9-21
472,61,472,2011-1-21,2017-11-25
473,70,473,2010-11-12,2017-12-21
474,11,474,2010-8-16,2013-12-12
475,84,475,2011-4-17,2022-7-20
476,42,476,2010-11-28,2012-10-11
477,95,477,2010-10-21,2015-6-13
478,13,478,2011-9-12,2025-1-1
479,50,479,2011-10-12,2019-1-9
480,7,480,2011-11-12,2025-2-5
481,49,481,2011-7-7,2016-11-3
482,69,482,2011-4-1,2012-11-28
483,36,483,2010-3-25,2020-3-7
484,97,484,2010-2-24,2024-9-22
485,98,485,2011-12-13,2021-12-9
486,62,486,2010-3-23,2013-9-6
487,87,487,2010-12-10,2022-7-8
488,6,488,2010-6-11,2020-10-21
489,70,489,2011-3-27,2024-8-8
490,11,490,2011-4-23,2018-5-24
491,1,491,2010-1-3,2024-6-12
492,93,492,2011-3-2,2015-1-21
493,57,493,2010-3-23,2021-4-5
494,61,494,2010-9-23,2018-2-28
495,27,495,2010-6-11,2024-5-21
496,88,496,2011-6-11,2013-9-8
497,37,497,2011-8-19,2019-8-25
498,9,498,2011-8-23,2017-3-16
499,65,499,2011-7-15,2018-12-27
500,55,500,2010-10-14,2020-9-14
501,62,501,2010-6-28,2017-1-19
502,41,502,2010-10-24,2017-10-21
503,65,503,2011-11-17,2022-8-6
504,93,504,2011-1-28,2017-6-22
505,13,505,2010-6-11,2018-7-24
506,80,506,2010-4-5,2017-7-24
507,22,507,2011-6-21,2025-11-12
508,98,508,2011-10-4,2023-10-14
509,11,509,2010-5-27,2013-8-4
510,61,510,2011-2-5,2014-1-9
511,98,511,2010-6-5,2022-8-20
512,41,512,2011-2-27,2013-9-10
513,85,513,2010-9-10,2022-3-21
514,3,514,2011-12-25,2013-5-11
515,54,515,2010-5-10,2019-7-6
516,61,516,2011-7-19,2015-10-9
517,32,517,2010-9-5,2021-8-1
518,20,518,2010-12-21,2022-12-5
519,68,519,2010-10-10,2016-10-17
520,28,520,2010-11-12,2024-12-23
521,54,521,2011-1-11,2017-8-5
522,81,522,2010-12-16,2020-12-9
523,71,523,2011-4-24,2025-5-26
524,93,524,2010-9-22,2018-10-21
525,49,525,2011-3-15,2020-1-15
526,89,526,2011-8-8,2013-4-4
527,33,527,2010-2-16,2024-3-5
528,65,528,2011-8-7,2016-3-7
529,70,529,2010-12-14,2022-4-26
530,45,530,2010-9-21,2025-1-18
531,8,531,2011-1-17,2017-7-14
532,87,532,2011-8-1,2025-2-15
533,44,533,2011-7-1,2024-5-20
534,37,534,2011-6-13,2025-11-24
535,88,535,2010-1-9,2021-7-27
536,70,536,2010-1-2,2018-5-14
537,74,537,2011-2-16,2020-4-8
538,79,538,2011-4-7,2025-2-28
539,37,539,2011-7-16,2024-2-19
540,54,540,2010-3-7,2021-10-13
541,67,541,2010-7-25,2025-9-10
542,37,542,2010-5-10,2014-2-11
543,37,543,2010-6-11,2021-7-1
544,63,544,2010-8-10,2025-11-1
545,94,545,2011-9-10,2021-1-15
546,65,546,2011-4-10,2020-11-1
547,60,547,2011-8-8,2016-9-8
548,2,548,2011-1-1,2013-3-7
549,9,549,2011-12-13,2014-9-23
550,76,550,2011-6-19,2018-6-27
551,50,551,2011-10-26,2016-11-21
552,49,552,2011-2-26,2016-4-8
553,20,553,2011-9-23,2016-3-18
554,92,554,2010-8-13,2012-3-21
555,53,555,2010-8-26,2018-8-15
556,52,556,2010-7-14,2015-11-5
557,92,557,2010-6-28,2017-6-6
558,80,558,2011-6-3,2018-12-18
559,82,559,2011-12-26,2012-3-12
560,63,560,2011-7-26,2023-4-18
561,55,561,2010-6-8,2025-1-8
562,83,562,2011-8-27,2018-9-2
563,26,563,2010-5-19,2014-8-18
564,97,564,2010-3-12,2012-6-7
565,98,565,2010-11-23,2012-2-3
566,75,566,2010-3-28,2017-9-2
567,52,567,2011-9-1,2017-8-6
568,99,568,2010-2-1,2020-6-18
569,3,569,2011-11-19,2020-11-16
570,60,570,2011-6-19,2014-5-12
571,21,571,2010-3-8,2017-10-27
572,8,572,2010-2-18,2019-1-13
573,93,573,2010-2-1,2019-6-2
574,95,574,2011-12-20,2025-11-3
575,60,575,2010-11-13,2025-12-3
576,87,576,2010-1-16,2023-7-16
577,31,577,2011-3-1,2021-7-8
578,11,578,2011-2-11,2021-10-15
579,14,579,2011-7-27,2019-10-6
580,54,580,2010-2-8,2013-4-27
581,2,581,2011-9-16,2017-10-7
582,40,582,2011-5-2,2012-2-17
583,6,583,2010-3-10,2022-6-22
584,68,584,2011-7-7,2014-11-10
585,60,585,2010-7-1,2024-3-27
586,60,586,2010-2-2,2014-5-21
587,55,587,2011-1-26,2016-8-11
588,77,588,2011-3-26,2016-3-3
589,94,589,2011-3-19,2013-6-14
590,23,590,2011-8-19,2018-7-19
591,58,591,2011-10-7,2025-10-6
592,12,592,2010-3-7,2022-10-21
593,62,593,2011-11-14,2022-11-4
594,71,594,2011-2-12,2023-6-3
595,88,595,2011-8-20,2016-6-7
596,47,596,2011-10-12,2014-10-14
597,35,597,2011-12-7,2012-11-21
598,81,598,2010-6-2,2023-3-28
599,99,599,2011-6-10,2021-7-10
600,45,600,2010-12-20,2025-12-12
601,31,601,2011-2-21,2020-11-27
602,54,602,2011-11-11,2020-6-12
603,94,603,2010-11-17,2024-6-5
604,59,604,2010-7-4,2019-8-13
605,49,605,2011-1-13,2017-8-24
606,99,606,2011-12-16,2022-8-6
607,95,607,2010-12-23,2023-5-25
608,18,608,2010-10-12,2015-4-25
609,8,609,2011-8-28,2020-3-17
610,13,610,2011-7-22,2014-5-18
611,78,611,2010-8-21,2023-1-19
612,67,612,2010-4-2,2016-7-21
613,96,613,2010-6-7,2015-6-22
614,89,614,2011-8-16,2023-6-6
615,43,615,2011-10-19,2015-9-3
616,35,616,2011-12-25,2018-4-24
617,38,617,2011-5-19,2015-9-19
618,27,618,2011-4-13,2012-5-26
619,36,619,2011-10-10,2020-5-12
620,76,620,2011-12-22,2023-8-27
621,98,621,2010-5-14,2020-6-21
622,14,622,2010-8-2,2025-9-7
623,63,623,2010-4-23,2025-10-25
624,5,624,2010-10-7,2015-11-5
625,42,625,2011-1-28,2012-8-9
626,61,626,2010-3-14,2016-6-26
627,59,627,2010-6-17,2018-8-16
628,33,628,2010-11-5,2012-3-12
629,64,629,2010-8-11,2019-3-23
630,25,630,2010-10-12,2017-10-17
631,42,631,2010-10-13,2013-7-8
632,19,632,2010-8-15,2021-7-2
633,11,633,2010-12-15,2021-7-20
634,34,634,2011-8-27,2019-11-5
635,19,635,2010-6-12,2016-9-8
636,78,636,2010-3-5,2014-2-27
637,27,637,2010-8-24,2021-3-5
638,75,638,2011-10-24,2016-3-6
639,79,639,2011-4-26,2020-11-28
640,81,640,2011-2-18,2012-9-23
641,34,641,2011-9-10,2020-5-2
642,87,642,2010-1-23,2016-9-2
643,83,643,2010-8-22,2014-2-26
644,71,644,2011-7-11,2022-10-26
645,47,645,2011-1-1,2016-1-21
646,53,646,2010-6-20,2012-9-23
647,28,647,2010-8-22,2012-5-18
648,89,648,2010-11-22,2019-1-16
649,28,649,2010-11-8,2025-5-9
650,89,650,2010-12-25,2014-1-5
651,23,651,2010-7-15,2022-7-21
652,42,652,2010-6-6,2024-10-10
653,100,653,2010-11-25,2021-1-15
654,30,654,2011-9-13,2015-1-3
655,3,655,2011-1-7,2022-10-1
656,78,656,2010-12-20,2012-7-19
657,84,657,2010-1-6,2024-11-7
658,22,658,2010-11-8,2019-12-27
659,83,659,2011-11-24,2020-9-17
660,66,660,2011-5-7,2019-6-16
661,95,661,2011-10-10,2022-10-7
662,57,662,2011-5-19,2014-12-16
663,20,663,2011-2-3,2021-12-24
664,94,664,2010-5-12,2012-1-4
665,34,665,2011-5-19,2013-5-7
666,99,666,2011-8-16,2016-4-17
667,93,667,2010-11-5,2022-3-12
668,30,668,2010-1-4,2015-8-24
669,65,669,2010-8-28,2017-5-28
670,11,670,2010-9-7,2020-12-22
671,38,671,2011-6-18,2022-10-1
672,19,672,2010-1-21,2018-4-17
673,53,673,2011-8-8,2017-3-24
674,79,674,2011-1-28,2023-6-22
675,91,675,2011-2-8,2022-11-3
676,70,676,2011-11-24,2020-4-18
677,83,677,2011-1-2,2020-9-4
678,43,678,2011-3-13,2023-9-7
679,36,679,2011-2-18,2022-12-3
680,48,680,2010-2-2,2021-7-8
681,9,681,2011-3-4,2013-5-12
682,91,682,2011-10-11,2018-10-22
683,54,683,2010-5-14,2019-12-6
684,88,684,2011-10-27,2018-2-28
685,19,685,2011-12-10,2021-12-9
686,2,686,2010-2-23,2021-9-15
687,71,687,2011-8-26,2024-2-3
688,50,688,2011-7-19,2018-8-3
689,93,689,2011-2-18,2025-12-4
690,43,690,2010-4-16,2014-5-20
691,97,691,2011-6-14,2015-3-17
692,44,692,2010-9-13,2014-7-1
693,62,693,2011-9-8,2012-11-20
694,63,694,2011-8-6,2019-10-23
695,85,695,2011-9-7,2020-7-22
696,41,696,2011-2-19,2015-4-2
697,70,697,2011-5-2,2015-12-25
698,54,698,2011-12-19,2020-5-25
699,48,699,2010-7-21,2021-6-24
700,58,700,2010-2-18,2024-10-1
701,39,701,2010-10-27,2023-2-18
702,3,702,2010-11-10,2021-8-23
703,32,703,2010-6-21,2023-5-25
704,49,704,2011-9-9,2016-2-19
705,91,705,2010-12-15,2017-11-7
706,5,706,2011-3-28,2014-6-18
707,8,707,2010-1-11,2020-5-13
708,44,708,2010-7-19,2025-12-3
709,54,709,2011-6-12,2025-11-4
710,18,710,2010-9-6,2022-1-1
711,88,711,2011-12-24,2025-7-21
712,87,712,2010-6-10,2017-8-23
713,38,713,2011-11-14,2018-10-8
714,26,714,2011-12-10,2018-5-24
715,55,715,2010-12-6,2018-8-11
716,74,716,2011-12-23,2025-1-12
717,61,717,2010-9-11,2021-11-27
718,9,718,2011-9-3,2022-9-26
719,4,719,2011-8-15,2017-11-16
720,97,720,2011-7-9,2025-3-7
721,12,721,2011-7-6,2013-9-17
722,25,722,2010-10-27,2022-4-15
723,98,723,2010-9-18,2024-7-3
724,65,724,2011-4-22,2019-5-16
725,27,725,2010-5-8,2015-9-15
726,44,726,2010-11-23,2017-5-4
727,98,727,2010-3-19,2014-7-23
728,91,728,2011-3-10,2014-3-12
729,14,729,2010-6-5,2023-6-23
730,52,730,2011-9-1,2013-6-22
731,3,731,2010-3-2,2018-9-9
732,83,732,2010-9-8,2013-7-11
733,64,733,2010-8-9,2019-2-10
734,72,734,2011-5-11,2018-4-4
735,47,735,2011-8-26,2012-1-14
736,85,736,2011-2-5,2015-9-8
737,63,737,2011-5-27,2016-12-28
738,71,738,2010-7-21,2023-3-6
739,33,739,2011-12-17,2014-5-6
740,63,740,2011-6-18,2023-4-20
741,6,741,2010-12-21,2014-2-17
742,40,742,2010-7-28,2025-1-19
743,51,743,2010-7-17,2022-7-21
744,48,744,2011-2-20,2022-4-28
745,28,745,2010-7-27,2015-10-28
746,69,746,2011-5-7,2016-3-12
747,94,747,2011-10-13,2024-8-21
748,40,748,2010-2-21,2024-3-27
749,68,749,2011-6-6,2017-7-1
750,1,750,2010-3-19,2020-8-11
751,39,751,2011-9-23,2013-5-21
752,70,752,2011-6-18,2015-3-25
753,7,753,2010-5-3,2015-11-23
754,84,754,2010-4-4,2025-10-3
755,3,755,2010-2-24,2020-4-21
756,46,756,2011-3-25,2023-7-8
757,50,757,2010-7-27,2014-3-18
758,9,758,2011-8-11,2017-1-27
759,98,759,2011-5-19,2014-2-4
760,23,760,2011-2-16,2014-1-27
761,44,761,2011-11-1,2023-2-24
762,56,762,2010-5-14,2014-3-9
763,34,763,2010-6-27,2025-2-27
764,3,764,2010-8-9,2019-6-22
765,24,765,2011-6-2,2015-12-9
766,52,766,2010-7-7,2013-11-28
767,3,767,2011-5-7,2015-9-10
768,41,768,2011-5-2,2019-5-12
769,50,769,2010-1-27,2019-8-21
770,40,770,2010-8-3,2023-12-4
771,12,771,2011-11-24,2020-7-12
772,30,772,2010-7-16,2023-1-8
773,99,773,2010-5-6,2023-5-28
774,80,774,2011-9-22,2024-11-26
775,16,775,2011-11-10,2019-10-24
776,55,776,2011-5-12,2013-10-20
777,77,777,2011-6-13,2023-4-16
778,29,778,2010-7-14,2017-6-2
779,84,779,2011-2-21,2023-6-2
780,14,780,2011-2-24,2014-10-24
781,21,781,2011-7-1,2024-5-17
782,45,782,2011-3-17,2022-1-11
783,25,783,2010-12-25,2018-10-14
784,27,784,2010-12-16,2012-8-6
785,90,785,2011-2-22,2022-7-25
786,87,786,2010-2-27,2015-10-6
787,60,787,2010-6-15,2014-1-19
788,51,788,2011-10-13,2013-3-19
789,80,789,2010-7-16,2023-8-23
790,97,790,2011-5-13,2024-9-9
791,68,791,2011-1-9,2019-11-26
792,6,792,2010-6-1,2025-5-22
793,20,793,2011-3-22,2015-1-15
794,81,794,2010-9-13,2018-1-1
795,13,795,2011-12-11,2014-6-23
796,61,796,2010-10-27,2025-10-13
797,90,797,2010-6-7,2017-7-10
798,51,798,2010-4-19,2021-8-21
799,77,799,2011-6-19,2025-11-18
800,38,800,2011-7-26,2018-4-10
801,72,801,2010-3-9,2019-2-1
802,91,802,2010-1-1,2021-7-20
803,9,803,2010-9-2,2025-3-14
804,42,804,2010-12-1,2016-9-10
805,3,805,2010-2-22,2015-4-7
806,42,806,2010-6-26,2019-9-20
807,12,807,2011-3-2,2024-2-5
808,50,808,2010-4-10,2014-3-22
809,8,809,2011-4-16,2025-8-27
810,99,810,2010-5-27,2017-6-11
811,33,811,2011-7-15,2025-4-4
812,67,812,2011-9-20,2012-4-14
813,67,813,2010-7-9,2019-6-22
814,2,814,2011-5-26,2012-11-15
815,17,815,2011-9-15,2019-10-20
816,17,816,2010-5-2,2017-8-8
817,5,817,2011-11-11,2021-1-16
818,74,818,2010-3-24,2018-3-11
819,52,819,2010-1-28,2021-9-3
820,40,820,2011-4-1,2025-4-17
821,91,821,2011-10-8,2022-3-27
822,46,822,2010-5-17,2017-1-4
823,24,823,2010-12-3,2018-4-1
824,72,824,2010-10-20,2013-2-11
825,4,825,2011-2-28,2021-9-5
826,15,826,2010-4-28,2021-8-16
827,71,827,2010-3-24,2014-12-6
828,39,828,2010-8-23,2019-3-1
829,85,829,2010-7-20,2025-10-14
830,6,830,2011-7-16,2022-11-25
831,27,831,2011-12-21,2015-2-16
832,32,832,2011-6-6,2023-6-16
833,80,833,2011-1-8,2025-8-17
834,2,834,2010-3-24,2024-4-13
835,90,835,2010-9-4,2019-9-13
836,85,836,2010-10-3,2012-3-6
837,46,837,2010-1-3,2023-2-3
838,51,838,2011-5-6,2019-9-18
839,69,839,2011-6-15,2020-11-6
840,27,840,2010-2-24,2022-1-16
841,76,841,2011-6-23,2013-3-1
842,65,842,2010-3-14,2022-10-21
843,62,843,2011-7-15,2020-6-28
844,33,844,2010-6-11,2021-1-8
845,13,845,2011-1-25,2025-4-3
846,94,846,2010-10-8,2018-10-24
847,16,847,2010-3-5,2013-6-3
848,66,848,2010-3-10,2023-11-6
849,23,849,2011-9-14,2012-9-9
850,78,850,2010-7-15,2025-2-18
851,28,851,2010-6-25,2016-10-23
852,8,852,2010-3-17,2017-12-14
853,10,853,2010-10-14,2025-7-4
854,81,854,2010-6-9,2020-9-15
855,85,855,2010-1-7,2014-2-26
856,35,856,2011-4-3,2019-11-4
857,55,857,2011-1-6,2024-6-14
858,16,858,2010-5-26,2013-7-22
859,12,859,2011-1-28,2016-3-20
860,31,860,2010-9-18,2023-9-11
861,58,861,2010-6-19,2016-6-14
862,84,862,2010-11-4,2013-4-23
863,99,863,2010-7-11,2025-8-17
864,3,864,2011-5-22,2024-11-5
865,81,865,2011-1-11,2016-10-26
866,46,866,2010-4-5,2012-5-25
867,91,867,2010-10-22,2025-3-25
868,47,868,2010-2-26,2017-5-22
869,22,869,2010-3-9,2016-10-19
870,17,870,2011-6-9,2017-12-27
871,65,871,2010-8-5,2020-6-3
872,9,872,2010-6-14,2014-2-1
873,86,873,2010-7-14,2016-4-2
874,82,874,2011-10-14,2023-6-3
875,13,875,2010-8-22,2019-11-5
876,78,876,2010-3-2,2022-3-15
877,98,877,2010-1-13,2016-3-27
878,21,878,2010-12-12,2018-8-11
879,86,879,2010-6-18,2012-6-22
880,45,880,2011-10-15,2023-2-21
881,51,881,2011-6-26,2015-6-3
882,66,882,2010-8-2,2016-11-14
883,66,883,2010-9-2,2015-9-6
884,22,884,2011-6-23,2012-5-19
885,38,885,2011-8-16,2023-10-12
886,100,886,2010-7-26,2018-5-13
887,65,887,2010-10-8,2022-2-20
888,23,888,2011-6-17,2014-9-28
889,51,889,2010-1-23,2020-11-10
890,83,890,2011-5-18,2013-3-18
891,1,891,2010-2-1,2021-6-17
892,51,892,2010-4-5,2020-1-9
893,27,893,2011-12-1,2023-5-22
894,85,894,2011-12-1,2013-11-25
895,78,895,2010-12-22,2025-7-4
896,83,896,2011-10-7,2015-2-13
897,91,897,2010-7-20,2021-5-15
898,16,898,2010-11-26,2021-12-1
899,86,899,2011-11-8,2024-3-16
900,24,900,2010-7-21,2025-8-26
901,10,901,2010-2-12,2021-5-25
902,36,902,2010-8-17,2022-1-5
903,100,903,2011-7-18,2022-11-1
904,46,904,2011-9-25,2023-11-19
905,65,905,2011-6-13,2018-2-12
906,19,906,2011-5-13,2012-9-19
907,37,907,2010-6-22,2024-2-1
908,7,908,2011-1-20,2020-2-17
909,59,909,2011-10-22,2017-6-27
910,10,910,2011-2-24,2013-10-16
911,65,911,2011-1-18,2019-5-23
912,1,912,2011-3-6,2016-8-20
913,33,913,2010-4-17,2023-4-6
914,19,914,2010-6-16,2016-8-22
915,41,915,2010-1-8,2022-6-2
916,35,916,2011-5-2,2016-1-1
917,15,917,2010-7-3,2016-8-21
918,95,918,2010-8-12,2025-12-18
919,37,919,2010-6-3,2024-5-23
920,31,920,2011-9-27,2025-11-8
921,62,921,2011-1-15,2013-2-16
922,80,922,2010-8-1,2013-6-24
923,52,923,2010-4-15,2020-12-4
924,99,924,2010-8-15,2023-8-8
925,16,925,2010-5-27,2020-2-3
926,17,926,2011-8-17,2015-11-6
927,76,927,2011-4-5,2013-2-1
928,22,928,2010-9-8,2025-2-27
929,91,929,2011-5-7,2013-2-12
930,96,930,2010-10-24,2012-10-5
931,59,931,2011-4-7,2025-6-16
932,12,932,2010-11-24,2018-5-1
933,77,933,2010-9-12,2024-11-16
934,13,934,2010-1-26,2020-3-6
935,93,935,2010-7-28,2017-5-11
936,45,936,2010-2-14,2024-11-24
937,30,937,2011-12-10,2015-8-20
938,71,938,2011-9-6,2018-11-27
939,17,939,2010-7-26,2022-9-4
940,38,940,2010-3-6,2017-11-1
941,29,941,2010-10-24,2015-9-14
942,74,942,2011-12-12,2022-6-15
943,10,943,2011-10-13,2018-10-4
944,16,944,2010-4-5,2023-2-8
945,59,945,2011-7-21,2016-10-2
946,58,946,2010-1-20,2013-9-23
947,20,947,2011-6-16,2025-11-20
948,96,948,2011-4-18,2012-9-1
949,28,949,2011-7-16,2020-10-10
950,7,950,2010-9-26,2021-5-27
951,87,951,2010-1-14,2014-1-10
952,24,952,2011-5-2,2018-3-23
953,42,953,2011-9-4,2024-9-1
954,8,954,2010-6-26,2017-6-27
955,74,955,2010-1-23,2021-3-23
956,6,956,2011-6-6,2012-12-17
957,85,957,2011-11-12,2016-10-16
958,80,958,2011-10-16,2022-8-6
959,37,959,2010-4-10,2019-8-3
960,8,960,2010-9-26,2025-8-28
961,89,961,2010-10-19,2013-11-8
962,23,962,2011-11-2,2015-8-19
963,37,963,2010-11-28,2018-12-12
964,69,964,2011-9-7,2012-8-22
965,93,965,2011-11-11,2021-2-4
966,8,966,2011-7-19,2020-1-11
967,7,967,2011-8-12,2024-11-4
968,72,968,2011-11-11,2013-4-26
969,38,969,2010-11-1,2017-5-11
970,9,970,2011-7-15,2025-1-1
971,57,971,2011-4-18,2013-2-5
972,82,972,2011-1-19,2014-9-22
973,52,973,2011-1-12,2014-6-21
974,5,974,2011-5-9,2023-11-18
975,99,975,2011-8-9,2022-7-11
976,2,976,2010-7-16,2025-10-2
977,34,977,2010-7-1,2024-3-1
978,8,978,2010-12-8,2023-10-5
979,64,979,2011-8-26,2015-6-4
980,3,980,2010-4-16,2017-3-4
981,60,981,2011-1-1,2013-8-10
982,42,982,2011-5-4,2013-3-17
983,69,983,2011-10-24,2013-5-13
984,59,984,2011-4-4,2012-5-10
985,73,985,2011-8-25,2020-8-2
986,91,986,2010-1-20,2019-7-19
987,55,987,2011-11-6,2021-7-19
988,77,988,2010-9-22,2024-1-11
989,3,989,2010-10-17,2012-4-16
990,37,990,2011-5-10,2013-12-13
991,38,991,2010-5-11,2025-10-3
992,47,992,2011-2-21,2020-1-11
993,36,993,2011-7-24,2013-12-26
994,42,994,2011-6-16,2014-2-13
995,84,995,2011-10-3,2013-7-10
996,8,996,2010-11-4,2015-2-5
997,97,997,2010-10-8,2012-7-17
998,4,998,2010-9-23,2016-4-28
999,77,999,2011-4-7,2021-4-18
1000,57,1000,2010-1-2,2013-12-15
1001,75,1001,2010-2-28,2024-2-11
1002,6,1002,2010-4-23,2012-10-21
1003,29,1003,2011-3-26,2014-2-20
1004,26,1004,2010-7-4,2024-3-7
1005,71,1005,2010-10-22,2015-11-15
1006,33,1006,2010-5-19,2018-5-12
1007,34,1007,2011-8-22,2019-10-10
1008,8,1008,2010-12-17,2015-7-27
1009,98,1009,2011-8-17,2023-1-9
1010,77,1010,2010-1-19,2019-12-8
1011,97,1011,2010-12-16,2018-12-19
1012,66,1012,2010-12-9,2014-5-25
1013,33,1013,2011-9-8,2024-10-9
1014,5,1014,2010-12-13,2022-12-18
1015,47,1015,2010-2-4,2013-3-10
1016,91,1016,2010-4-11,2023-5-7
1017,67,1017,2011-9-17,2014-11-1
1018,89,1018,2011-9-12,2018-9-19
1019,32,1019,2011-12-13,2023-2-13
1020,23,1020,2011-8-19,2024-3-26
1021,48,1021,2011-8-3,2021-6-15
1022,24,1022,2011-1-15,2017-9-20
1023,48,1023,2011-1-18,2016-2-9
1024,67,1024,2010-3-14,2025-11-9
1025,90,1025,2011-9-14,2014-12-5
1026,10,1026,2011-9-14,2015-5-28
1027,45,1027,2011-10-6,2025-5-6
1028,22,1028,2011-12-7,2015-6-14
1029,72,1029,2011-11-25,2013-4-26
1030,67,1030,2010-1-8,2024-5-4
1031,25,1031,2010-3-21,2015-7-22
1032,18,1032,2010-5-21,2020-3-11
1033,80,1033,2010-2-11,2014-12-9
1034,60,1034,2010-12-19,2014-3-2
1035,75,1035,2010-10-21,2022-5-12
1036,82,1036,2011-10-2,2024-4-24
1037,7,1037,2011-2-20,2013-9-14
1038,67,1038,2010-3-2,2017-10-23
1039,35,1039,2011-9-7,2016-9-21
1040,46,1040,2011-10-27,2016-6-4
1041,5,1041,2011-2-17,2017-2-8
1042,46,1042,2011-11-20,2017-2-3
1043,55,1043,2011-2-14,2019-8-26
1044,88,1044,2010-1-6,2022-7-25
1045,28,1045,2010-12-2,2024-7-7
1046,38,1046,2011-3-6,2018-7-21
1047,100,1047,2011-1-8,2019-1-22
1048,79,1048,2010-7-3,2015-11-7
1049,90,1049,2010-11-21,2015-10-24
1050,24,1050,2011-2-2,2022-7-11
1051,34,1051,2010-7-23,2021-7-20
1052,58,1052,2010-3-1,2022-2-9
1053,84,1053,2011-8-24,2021-2-6
1054,85,1054,2010-8-11,2025-8-11
1055,24,1055,2010-3-28,2012-4-25
1056,29,1056,2011-9-16,2012-5-14
1057,78,1057,2010-9-17,2019-3-14
1058,15,1058,2010-4-16,2018-10-12
1059,76,1059,2011-3-16,2013-1-24
1060,89,1060,2010-8-18,2023-5-26
1061,76,1061,2011-4-27,2013-6-2
1062,65,1062,2010-3-25,2013-9-25
1063,40,1063,2011-4-3,2014-11-3
1064,50,1064,2011-3-26,2025-4-21
1065,22,1065,2010-4-5,2022-2-3
1066,64,1066,2011-9-9,2019-5-9
1067,91,1067,2010-5-25,2015-10-9
1068,75,1068,2010-8-25,2021-8-1
1069,93,1069,2010-1-21,2012-5-18
1070,69,1070,2010-2-23,2020-6-4
1071,69,1071,2010-7-18,2023-11-7
1072,51,1072,2010-11-12,2025-10-27
1073,48,1073,2010-12-23,2016-10-27
1074,30,1074,2011-12-6,2018-7-3
1075,38,1075,2011-11-11,2025-2-3
1076,20,1076,2011-6-25,2016-4-19
1077,51,1077,2010-9-15,2015-3-8
1078,85,1078,2010-9-9,2025-5-18
1079,39,1079,2010-5-4,2015-10-3
1080,4,1080,2011-8-9,2016-3-5
1081,65,1081,2010-1-15,2013-2-27
1082,98,1082,2011-1-22,2012-4-28
1083,39,1083,2011-10-6,2023-9-27
1084,81,1084,2010-10-27,2019-6-13
1085,85,1085,2010-5-3,2012-9-1
1086,1,1086,2010-4-1,2016-2-3
1087,41,1087,2011-3-20,2021-7-24
1088,94,1088,2010-2-28,2014-4-17
1089,86,1089,2010-11-23,2020-9-19
1090,62,1090,2011-6-7,2018-8-27
1091,32,1091,2011-6-9,2025-9-3
1092,6,1092,2011-7-15,2023-10-10
1093,84,1093,2011-4-24,2015-4-19
1094,48,1094,2011-12-20,2023-11-26
1095,66,1095,2010-10-5,2016-3-14
1096,13,1096,2011-3-13,2025-5-1
1097,70,1097,2011-12-7,2019-12-16
1098,53,1098,2010-8-5,2018-2-24
1099,27,1099,2011-3-6,2014-9-21
1100,99,1100,2011-12-18,2013-1-20
1101,14,1101,2011-10-21,2022-2-8
1102,16,1102,2010-6-20,2022-10-7
1103,18,1103,2010-11-21,2025-5-28
1104,51,1104,2011-5-3,2019-11-5
1105,30,1105,2010-6-1,2017-9-5
1106,20,1106,2010-1-21,2021-8-28
1107,73,1107,2010-3-26,2017-6-3
1108,85,1108,2010-8-19,2019-5-26
1109,52,1109,2011-10-21,2016-3-12
1110,9,1110,2011-4-12,2024-2-18
1111,47,1111,2010-9-18,2022-2-17
1112,26,1112,2010-6-21,2013-4-7
1113,55,1113,2011-6-1,2016-6-22
1114,67,1114,2010-8-8,2016-10-9
1115,5,1115,2011-11-12,2025-12-20
1116,62,1116,2011-2-10,2020-11-20
1117,79,1117,2011-6-26,2024-1-1
1118,19,1118,2011-8-18,2015-5-12
1119,18,1119,2010-8-26,2017-8-7
1120,80,1120,2011-11-3,2025-2-10
1121,45,1121,2010-9-11,2022-1-2
1122,88,1122,2011-4-22,2018-2-28
1123,56,1123,2010-11-13,2012-7-11
1124,35,1124,2010-8-25,2014-7-2
1125,46,1125,2011-1-3,2024-4-28
1126,45,1126,2011-11-14,2018-11-11
1127,73,1127,2010-6-5,2013-7-7
1128,84,1128,2010-11-7,2023-8-27
1129,72,1129,2010-10-28,2023-12-22
1130,85,1130,2011-10-1,2021-7-3
1131,53,1131,2010-2-7,2025-12-5
1132,60,1132,2010-5-15,2018-2-9
1133,5,1133,2011-10-15,2020-9-12
1134,85,1134,2010-4-2,2014-3-20
1135,32,1135,2010-11-13,2020-1-15
1136,90,1136,2010-10-8,2024-11-18
1137,80,1137,2011-6-2,2018-10-20
1138,30,1138,2011-8-11,2017-5-12
1139,13,1139,2011-12-8,2025-11-4
1140,85,1140,2010-4-24,2019-11-10
1141,58,1141,2010-4-25,2024-2-23
1142,35,1142,2010-10-13,2022-8-26
1143,74,1143,2010-7-11,2013-7-18
1144,33,1144,2011-10-19,2020-12-21
1145,61,1145,2010-8-16,2024-11-19
1146,55,1146,2011-7-15,2012-10-22
1147,11,1147,2010-2-21,2018-2-2
1148,94,1148,2010-7-28,2024-3-28
1149,29,1149,2010-6-14,2016-3-18
1150,57,1150,2011-1-4,2013-8-2
1151,96,1151,2010-2-8,2015-4-27
1152,24,1152,2011-8-9,2019-8-23
1153,10,1153,2011-5-17,2022-7-22
1154,76,1154,2010-7-9,2019-9-2
1155,62,1155,2011-1-26,2013-12-16
1156,73,1156,2010-10-7,2022-12-14
1157,85,1157,2010-12-23,2023-8-19
1158,94,1158,2010-7-23,2017-7-4
1159,57,1159,2011-6-18,2023-6-16
1160,52,1160,2011-12-12,2022-3-17
1161,76,1161,2010-12-11,2017-6-21
1162,55,1162,2010-1-9,2018-5-23
1163,17,1163,2011-5-22,2013-8-15
1164,5,1164,2011-6-21,2021-1-3
1165,44,1165,2010-5-23,2016-5-24
1166,96,1166,2011-6-8,2023-8-4
1167,45,1167,2011-12-16,2020-10-14
1168,85,1168,2011-12-15,2017-1-6
1169,24,1169,2010-9-24,2013-7-12
1170,5,1170,2011-7-2,2016-2-17
1171,61,1171,2010-8-20,2018-6-20
1172,34,1172,2010-3-18,2016-10-22
1173,21,1173,2011-1-6,2019-1-11
1174,14,1174,2011-11-9,2022-7-25
1175,5,1175,2010-7-28,2016-11-15
1176,83,1176,2010-5-17,2014-12-21
1177,100,1177,2010-3-4,2013-6-19
1178,84,1178,2011-1-13,2013-12-21
1179,49,1179,2011-4-7,2025-7-20
1180,7,1180,2010-9-6,2015-7-12
1181,10,1181,2011-3-20,2016-3-23
1182,15,1182,2011-4-9,2019-9-8
1183,78,1183,2011-3-8,2020-4-19
1184,33,1184,2010-8-12,2014-7-7
1185,14,1185,2010-3-3,2024-4-19
1186,13,1186,2011-12-25,2021-12-13
1187,57,1187,2010-5-8,2022-3-22
1188,15,1188,2010-6-27,2021-10-10
1189,86,1189,2011-7-15,2016-3-19
1190,77,1190,2010-11-10,2013-3-27
1191,57,1191,2011-1-22,2022-4-15
1192,94,1192,2011-2-9,2021-1-2
1193,1,1193,2010-11-14,2015-3-17
1194,88,1194,2011-2-15,2014-5-20
1195,60,1195,2011-6-16,2023-8-17
1196,95,1196,2010-1-3,2013-1-18
1197,87,1197,2011-6-4,2016-9-5
1198,67,1198,2010-6-20,2022-10-7
1199,10,1199,2011-3-21,2021-12-1
1200,15,1200,2011-5-23,2014-10-26
1201,88,1201,2011-6-7,2013-7-22
1202,12,1202,2010-1-5,2013-1-24
1203,40,1203,2011-5-15,2015-6-16
1204,46,1204,2011-1-27,2020-2-2
1205,90,1205,2011-6-18,2020-3-25
1206,100,1206,2010-2-3,2017-5-13
1207,10,1207,2010-8-8,2024-8-16
1208,83,1208,2011-12-24,2024-5-24
1209,88,1209,2011-8-28,2020-12-21
1210,95,1210,2010-11-7,2024-9-25
1211,68,1211,2011-10-11,2020-5-2
1212,72,1212,2010-4-12,2012-6-5
1213,15,1213,2010-7-22,2017-12-13
1214,3,1214,2010-12-2,2017-5-22
1215,44,1215,2010-3-4,2025-12-17
1216,100,1216,2010-9-24,2017-10-6
1217,84,1217,2010-4-11,2018-10-20
1218,1,1218,2010-4-5,2012-12-5
1219,33,1219,2010-7-26,2017-11-19
1220,6,1220,2010-9-5,2017-11-15
1221,39,1221,2011-6-2,2016-5-13
1222,46,1222,2011-8-1,2016-8-20
1223,31,1223,2011-7-9,2023-9-2
1224,1,1224,2010-3-26,2013-11-5
1225,35,1225,2010-2-10,2021-5-8
1226,81,1226,2011-10-27,2017-9-20
1227,82,1227,2011-2-10,2025-2-28
1228,29,1228,2011-2-10,2023-11-4
1229,95,1229,2011-1-6,2025-11-5
1230,79,1230,2011-1-10,2021-1-11
1231,77,1231,2010-7-20,2022-10-19
1232,88,1232,2010-7-23,2021-7-16
1233,88,1233,2011-11-9,2014-11-8
1234,5,1234,2011-7-20,2021-12-18
1235,85,1235,2010-2-13,2019-4-2
1236,55,1236,2011-4-14,2016-10-26
1237,35,1237,2010-4-12,2024-6-14
1238,33,1238,2011-8-18,2015-10-21
1239,71,1239,2010-5-7,2015-9-23
1240,45,1240,2010-1-27,2012-8-4
1241,52,1241,2010-4-14,2016-12-20
1242,62,1242,2010-9-13,2024-6-6
1243,82,1243,2011-12-12,2015-9-19
1244,54,1244,2011-9-21,2023-7-9
1245,2,1245,2010-2-3,2017-6-19
1246,100,1246,2011-12-10,2024-2-10
1247,25,1247,2010-12-18,2020-1-12
1248,82,1248,2010-3-22,2013-2-18
1249,10,1249,2010-8-15,2012-4-26
1250,37,1250,2011-9-1,2018-6-20
1251,79,1251,2011-5-25,2024-10-18
1252,22,1252,2011-2-15,2022-11-10
1253,16,1253,2011-2-23,2025-4-17
1254,86,1254,2011-7-16,2025-7-6
1255,58,1255,2010-12-12,2025-8-11
1256,22,1256,2011-1-27,2017-10-20
1257,1,1257,2011-8-7,2024-1-27
1258,54,1258,2011-10-3,2022-1-10
1259,3,1259,2010-12-20,2023-1-19
1260,52,1260,2010-12-8,2022-4-18
1261,70,1261,2010-1-21,2022-12-14
1262,6,1262,2010-8-10,2016-5-25
1263,24,1263,2010-7-25,2024-11-27
1264,26,1264,2010-1-1,2016-12-9
1265,26,1265,2011-8-2,2012-7-21
1266,91,1266,2010-4-16,2023-12-13
1267,7,1267,2010-1-24,2020-1-17
1268,37,1268,2010-9-1,2020-8-16
1269,94,1269,2010-11-1,2016-3-8
1270,14,1270,2010-2-21,2012-5-10
1271,66,1271,2011-8-2,2014-11-18
1272,88,1272,2011-12-4,2024-4-26
1273,95,1273,2011-7-24,2020-7-22
1274,5,1274,2010-7-20,2021-1-16
1275,93,1275,2011-7-6,2024-3-21
1276,84,1276,2010-8-24,2014-2-1
1277,31,1277,2010-5-23,2020-3-7
1278,90,1278,2011-11-17,2017-3-14
1279,14,1279,2011-3-8,2013-5-24
1280,33,1280,2011-8-12,2018-10-18
1281,10,1281,2010-6-20,2015-6-19
1282,67,1282,2010-6-4,2020-10-11
1283,51,1283,2010-12-12,2021-10-10
1284,62,1284,2010-2-2,2025-2-19
1285,53,1285,2011-3-27,2016-11-9
1286,27,1286,2011-8-8,2018-6-21
1287,65,1287,2010-7-1,2012-4-5
1288,47,1288,2011-5-26,2012-11-8
1289,22,1289,2011-12-22,2025-1-2
1290,78,1290,2011-11-2,2017-5-5
1291,59,1291,2010-8-1,2014-3-18
1292,99,1292,2011-3-19,2017-7-10
1293,71,1293,2011-6-3,2014-7-15
1294,76,1294,2010-12-25,2025-4-19
1295,98,1295,2010-11-23,2018-9-6
1296,44,1296,2011-8-8,2024-6-11
1297,97,1297,2011-4-23,2021-10-22
1298,11,1298,2011-3-27,2016-5-28
1299,9,1299,2010-9-16,2014-11-23
1300,78,1300,2011-7-20,2025-7-27
1301,63,1301,2011-3-17,2013-12-4
1302,61,1302,2011-11-18,2022-8-7
1303,44,1303,2011-11-10,2021-1-18
1304,30,1304,2011-12-12,2020-7-16
1305,33,1305,2010-11-22,2014-6-27
1306,52,1306,2010-4-26,2013-2-14
1307,72,1307,2010-6-7,2017-7-3
1308,62,1308,2010-12-26,2024-10-24
1309,2,1309,2010-1-15,2021-5-12
1310,11,1310,2011-2-17,2023-2-27
1311,2,1311,2010-12-16,2025-5-23
1312,79,1312,2011-2-19,2024-6-23
1313,93,1313,2011-11-6,2024-4-7
1314,89,1314,2011-8-13,2025-3-26
1315,23,1315,2011-2-21,2025-9-13
1316,19,1316,2010-7-17,2014-3-17
1317,35,1317,2011-6-22,2023-3-20
1318,91,1318,2011-9-13,2019-6-3
1319,11,1319,2010-2-5,2016-11-21
1320,51,1320,2010-3-6,2025-10-13
1321,46,1321,2010-12-12,2013-5-3
1322,77,1322,2011-12-3,2020-10-11
1323,79,1323,2010-2-1,2017-1-16
1324,14,1324,2010-3-7,2019-12-23
1325,48,1325,2010-10-12,2014-3-24
1326,45,1326,2011-2-13,2014-2-4
1327,62,1327,2011-2-1,2025-8-26
1328,41,1328,2010-6-4,2017-4-24
1329,38,1329,2010-6-24,2019-3-20
1330,10,1330,2011-5-8,2019-6-2
1331,58,1331,2011-12-3,2017-9-27
1332,90,1332,2010-12-8,2013-5-5
1333,91,1333,2010-4-20,2013-4-6
1334,80,1334,2010-8-20,2022-3-20
1335,28,1335,2011-4-17,2020-2-2
1336,98,1336,2011-11-17,2023-8-3
1337,75,1337,2010-11-26,2022-4-7
1338,10,1338,2011-7-23,2022-2-5
1339,36,1339,2011-6-18,2012-3-7
1340,92,1340,2010-1-4,2015-7-24
1341,7,1341,2011-11-3,2019-3-24
1342,11,1342,2011-8-3,2020-1-21
1343,86,1343,2011-2-2,2013-4-6
1344,30,1344,2011-12-1,2024-9-18
1345,29,1345,2010-5-10,2025-11-15
1346,40,1346,2011-1-4,2020-12-28
1347,44,1347,2011-7-2,2021-7-8
1348,79,1348,2011-10-17,2023-12-25
1349,9,1349,2010-1-6,2012-5-22
1350,57,1350,2011-6-14,2016-3-22
1351,2,1351,2011-2-28,2012-7-24
1352,42,1352,2010-10-5,2020-9-21
1353,43,1353,2011-8-26,2019-7-18
1354,9,1354,2010-11-7,2015-8-6
1355,84,1355,2010-4-8,2021-4-28
1356,18,1356,2011-11-14,2022-7-18
1357,95,1357,2011-1-13,2024-6-25
1358,80,1358,2011-5-21,2012-8-27
1359,28,1359,2010-2-11,2013-7-26
1360,63,1360,2011-12-26,2025-5-12
1361,67,1361,2011-2-11,2022-9-22
1362,93,1362,2011-5-15,2025-12-14
1363,46,1363,2011-8-27,2018-8-11
1364,90,1364,2011-2-12,2020-6-11
1365,95,1365,2010-7-20,2013-6-16
1366,68,1366,2011-8-14,2015-5-12
1367,6,1367,2010-12-28,2012-12-1
1368,38,1368,2010-7-15,2019-6-6
1369,68,1369,2010-3-6,2024-1-1
1370,98,1370,2011-8-10,2018-12-6
1371,73,1371,2010-8-13,2016-6-18
1372,63,1372,2010-10-12,2014-4-19
1373,37,1373,2011-11-16,2022-11-6
1374,2,1374,2011-1-28,2018-9-26
1375,56,1375,2010-11-6,2017-1-9
1376,59,1376,2010-3-19,2017-5-13
1377,52,1377,2010-5-28,2021-8-6
1378,6,1378,2011-4-6,2018-5-25
1379,88,1379,2011-2-2,2013-11-9
1380,50,1380,2010-8-4,2014-10-9
1381,11,1381,2011-5-2,2016-4-23
1382,7,1382,2010-7-21,2012-3-12
1383,51,1383,2011-11-5,2019-6-5
1384,78,1384,2011-12-21,2014-9-24
1385,5,1385,2010-4-6,2014-9-5
1386,96,1386,2011-2-19,2012-8-11
1387,93,1387,2011-1-5,2012-2-24
1388,17,1388,2011-6-6,2020-1-12
1389,41,1389,2011-3-28,2014-5-26
1390,99,1390,2010-4-8,2025-9-11
1391,67,1391,2010-8-2,2017-8-8
1392,30,1392,2011-8-22,2017-7-6
1393,33,1393,2011-5-25,2023-7-7
1394,11,1394,2010-7-16,2017-2-14
1395,74,1395,2011-1-4,2021-6-28
1396,52,1396,2011-5-27,2016-11-23
1397,64,1397,2010-10-27,2020-10-3
1398,98,1398,2010-11-17,2025-12-2
1399,80,1399,2010-3-1,2019-12-6
1400,88,1400,2010-11-25,2012-1-12
1401,80,1401,2010-2-1,2022-11-24
1402,43,1402,2011-6-8,2019-6-11
1403,9,1403,2010-10-16,2025-5-5
1404,16,1404,2010-8-2,2021-7-5
1405,91,1405,2011-7-27,2013-7-14
1406,72,1406,2010-8-2,2016-10-23
1407,93,1407,2011-12-21,2012-2-21
1408,88,1408,2010-12-5,2024-12-6
1409,27,1409,2010-5-15,2020-11-10
1410,68,1410,2010-4-9,2014-10-22
1411,48,1411,2010-10-23,2023-8-28
1412,89,1412,2011-10-15,2013-2-18
1413,100,1413,2010-11-23,2022-8-27
1414,44,1414,2011-8-23,2014-5-1
1415,12,1415,2010-12-8,2020-1-20
1416,33,1416,2011-6-26,2019-8-10
1417,87,1417,2011-11-28,2025-6-25
1418,61,1418,2011-2-8,2014-10-13
1419,49,1419,2010-6-9,2023-10-6
1420,15,1420,2010-3-15,2021-10-26
1421,29,1421,2010-2-18,2012-10-27
1422,65,1422,2010-6-24,2024-8-24
1423,37,1423,2011-5-11,2012-7-8
1424,33,1424,2010-1-19,2016-8-28
1425,87,1425,2010-3-8,2017-6-28
1426,87,1426,2011-3-22,2016-1-16
1427,80,1427,2010-7-8,2015-3-16
1428,2,1428,2010-4-18,2025-3-28
1429,46,1429,2011-1-24,2025-11-28
1430,32,1430,2010-3-28,2014-12-22
1431,43,1431,2010-2-26,2020-7-16
1432,27,1432,2010-5-2,2019-7-3
1433,99,1433,2010-3-17,2012-8-2
1434,16,1434,2011-7-27,2018-9-28
1435,22,1435,2011-3-23,2018-2-20
1436,25,1436,2011-9-6,2017-4-11
1437,1,1437,2010-8-27,2012-12-15
1438,48,1438,2011-2-27,2020-10-17
1439,1,1439,2010-8-17,2021-12-14
1440,97,1440,2010-2-27,2012-9-23
1441,55,1441,2010-3-17,2018-5-3
1442,28,1442,2010-12-8,2012-10-2
1443,78,1443,2011-9-8,2016-7-28
1444,38,1444,2010-7-26,2021-7-5
1445,1,1445,2010-11-9,2013-9-3
1446,13,1446,2011-1-14,2023-11-5
1447,94,1447,2011-9-7,2021-7-24
1448,64,1448,2010-7-16,2017-5-9
1449,79,1449,2011-10-24,2015-3-23
1450,41,1450,2010-4-12,2014-8-1
1451,63,1451,2011-4-26,2023-8-17
1452,12,1452,2011-10-20,2022-4-22
1453,58,1453,2010-6-22,2025-4-21
1454,35,1454,2011-11-11,2021-12-27
1455,79,1455,2010-4-10,2023-10-14
1456,93,1456,2010-1-10,2022-9-19
1457,44,1457,2010-6-21,2022-3-14
1458,88,1458,2011-12-15,2016-4-12
1459,6,1459,2011-3-27,2020-10-12
1460,64,1460,2011-4-16,2012-7-20
1461,67,1461,2010-10-17,2022-11-7
1462,51,1462,2010-10-14,2019-2-8
1463,39,1463,2011-1-24,2025-10-6
1464,62,1464,2010-12-22,2019-7-26
1465,62,1465,2011-6-2,2017-11-21
1466,91,1466,2010-1-1,2024-9-11
1467,79,1467,2011-8-12,2013-11-20
1468,36,1468,2011-8-12,2016-5-23
1469,62,1469,2011-8-2,2019-4-19
1470,63,1470,2010-7-14,2019-3-4
1471,34,1471,2010-8-2,2017-9-17
1472,25,1472,2011-4-8,2020-11-8
1473,74,1473,2010-10-3,2016-2-16
1474,94,1474,2011-7-24,2017-3-25
1475,53,1475,2011-5-7,2022-8-2
1476,74,1476,2011-11-13,2020-2-5
1477,89,1477,2011-5-3,2016-12-1
1478,65,1478,2011-11-19,2019-2-25
1479,67,1479,2010-8-7,2021-5-8
1480,5,1480,2010-8-2,2024-1-18
1481,61,1481,2010-4-24,2022-3-12
1482,94,1482,2010-2-14,2015-5-23
1483,94,1483,2010-10-21,2014-12-1
1484,95,1484,2010-7-25,2018-6-19
1485,38,1485,2011-5-4,2023-1-22
1486,9,1486,2010-1-20,2025-1-15
1487,72,1487,2010-4-8,2012-9-24
1488,54,1488,2010-9-23,2016-12-28
1489,17,1489,2010-2-5,2022-11-7
1490,62,1490,2011-6-17,2015-12-19
1491,91,1491,2011-7-19,2020-11-6
1492,57,1492,2010-10-6,2014-7-2
1493,9,1493,2010-12-6,2022-9-14
1494,75,1494,2011-9-9,2016-4-6
1495,24,1495,2010-7-15,2012-3-13
1496,46,1496,2010-1-2,2022-11-28
1497,89,1497,2010-5-4,2012-12-9
1498,24,1498,2010-7-16,2022-7-11
1499,10,1499,2010-4-24,2012-3-24
1500,3,1500,2010-3-25,2019-8-21
1501,27,1501,2011-4-12,2016-1-7
1502,15,1502,2010-1-7,2017-12-16
1503,72,1503,2010-12-4,2016-5-20
1504,28,1504,2011-6-3,2016-12-7
1505,61,1505,2010-8-3,2024-8-5
1506,33,1506,2011-12-18,2019-7-8
1507,56,1507,2010-1-15,2017-6-1
1508,1,1508,2011-12-14,2017-3-24
1509,73,1509,2011-8-15,2012-10-14
1510,56,1510,2011-6-6,2024-11-16
1511,87,1511,2011-5-11,2019-1-23
1512,67,1512,2011-1-26,2015-9-23
1513,20,1513,2010-11-17,2012-9-19
1514,99,1514,2011-5-12,2014-9-21
1515,3,1515,2011-12-12,2012-7-11
1516,2,1516,2011-9-8,2022-6-11
1517,14,1517,2010-6-22,2012-12-8
1518,100,1518,2010-10-21,2022-7-9
1519,23,1519,2011-4-4,2023-4-26
1520,75,1520,2010-5-5,2015-11-10
1521,94,1521,2011-10-3,2024-3-19
1522,68,1522,2011-12-8,2019-1-17
1523,21,1523,2010-1-11,2016-6-7
1524,11,1524,2010-3-17,2023-6-17
1525,30,1525,2010-11-11,2014-9-26
1526,51,1526,2010-8-21,2025-7-21
1527,61,1527,2010-3-9,2016-10-27
1528,80,1528,2011-12-20,2018-4-25
1529,80,1529,2010-7-16,2015-12-27
1530,55,1530,2010-7-18,2021-6-19
1531,8,1531,2010-2-8,2015-8-20
1532,76,1532,2011-9-25,2014-8-3
1533,73,1533,2010-10-17,2012-4-12
1534,92,1534,2011-9-18,2019-9-26
1535,46,1535,2010-6-25,2014-9-28
1536,86,1536,2011-6-19,2013-6-17
1537,51,1537,2011-5-12,2024-4-20
1538,86,1538,2010-4-24,2012-7-11
1539,69,1539,2011-3-21,2023-1-9
1540,36,1540,2010-4-28,2017-8-21
1541,78,1541,2010-12-7,2023-1-11
1542,49,1542,2011-1-16,2018-9-20
1543,33,1543,2011-4-24,2023-2-21
1544,39,1544,2011-1-11,2013-11-15
1545,79,1545,2010-12-15,2023-8-19
1546,70,1546,2011-4-1,2014-7-26
1547,77,1547,2010-1-28,2021-9-28
1548,66,1548,2010-8-24,2013-5-8
1549,77,1549,2010-6-5,2024-7-1
1550,25,1550,2010-1-28,2024-8-19
1551,73,1551,2011-7-11,2024-6-9
1552,62,1552,2011-3-15,2016-1-14
1553,80,1553,2010-5-3,2023-6-15
1554,21,1554,2011-11-22,2016-2-10
1555,95,1555,2010-9-24,2017-1-10
1556,61,1556,2011-11-17,2021-1-1
1557,83,1557,2011-1-9,2015-11-23
1558,44,1558,2011-11-17,2012-8-8
1559,33,1559,2011-2-8,2020-12-13
1560,32,1560,2010-5-24,2014-12-8
1561,87,1561,2010-2-27,2013-2-1
1562,52,1562,2011-1-6,2015-11-16
1563,94,1563,2010-10-4,2021-1-20
1564,35,1564,2010-1-17,2024-7-11
1565,60,1565,2011-11-23,2023-3-15
1566,36,1566,2010-9-24,2013-11-7
1567,87,1567,2011-5-7,2016-9-1
1568,14,1568,2010-8-14,2019-8-27
1569,25,1569,2011-12-12,2014-11-14
1570,19,1570,2011-1-24,2025-9-16
1571,65,1571,2010-12-25,2013-6-16
1572,49,1572,2011-1-3,2015-4-15
1573,18,1573,2011-6-2,2020-12-12
1574,78,1574,2010-12-13,2012-9-8
1575,16,1575,2010-9-8,2014-8-5
1576,35,1576,2010-10-12,2014-3-16
1577,61,1577,2010-4-4,2017-2-9
1578,55,1578,2011-10-19,2024-7-14
1579,78,1579,2010-3-19,2022-7-12
1580,51,1580,2010-1-4,2025-4-17
1581,54,1581,2010-12-15,2020-3-27
1582,50,1582,2010-12-16,2019-3-1
1583,79,1583,2010-11-18,2013-3-20
1584,54,1584,2010-1-12,2014-5-10
1585,66,1585,2010-12-27,2025-9-7
1586,59,1586,2010-10-15,2023-12-10
1587,45,1587,2011-3-19,2023-1-20
1588,81,1588,2010-3-7,2015-1-7
1589,82,1589,2010-2-13,2024-7-5
1590,66,1590,2010-12-2,2024-11-16
1591,87,1591,2011-12-12,2023-6-6
1592,50,1592,2011-11-10,2020-2-28
1593,64,1593,2010-12-13,2014-4-25
1594,77,1594,2011-9-12,2018-10-12
1595,61,1595,2011-2-15,2019-11-17
1596,17,1596,2011-4-3,2021-2-17
1597,27,1597,2010-10-26,2015-12-22
1598,96,1598,2011-8-4,2019-2-20
1599,11,1599,2010-8-11,2016-5-1
1600,61,1600,2011-8-1,2018-11-3
1601,99,1601,2010-10-25,2019-4-22
1602,59,1602,2010-6-2,2020-9-22
1603,29,1603,2010-1-27,2024-8-21
1604,87,1604,2011-1-24,2018-3-15
1605,16,1605,2010-4-7,2018-5-10
1606,31,1606,2010-9-23,2013-5-16
1607,98,1607,2010-12-20,2015-2-27
1608,82,1608,2010-3-7,2013-6-17
1609,40,1609,2011-3-28,2016-7-6
1610,49,1610,2010-3-18,2022-12-21
1611,47,1611,2010-8-28,2025-12-23
1612,47,1612,2011-3-11,2025-2-15
1613,84,1613,2011-10-4,2017-9-20
1614,94,1614,2011-10-8,2022-1-13
1615,31,1615,2011-8-8,2018-4-16
1616,68,1616,2011-3-12,2016-2-19
1617,60,1617,2011-5-10,2014-7-27
1618,66,1618,2011-5-16,2020-6-1
1619,91,1619,2010-4-5,2022-3-21
1620,64,1620,2010-9-16,2024-5-2
1621,7,1621,2010-12-3,2023-4-23
1622,4,1622,2010-3-13,2016-6-2
1623,24,1623,2011-1-10,2020-11-3
1624,80,1624,2010-8-1,2014-2-21
1625,70,1625,2010-7-15,2012-10-19
1626,66,1626,2010-6-25,2023-1-17
1627,6,1627,2011-2-26,2012-9-6
1628,37,1628,2010-10-23,2020-3-7
1629,87,1629,2010-10-3,2012-1-27
1630,54,1630,2010-6-24,2025-1-1
1631,37,1631,2011-2-1,2013-3-22
1632,39,1632,2011-12-2,2018-1-17
1633,15,1633,2010-12-8,2022-1-1
1634,63,1634,2011-9-9,2021-9-23
1635,72,1635,2010-10-11,2020-6-28
1636,91,1636,2011-6-7,2016-7-10
1637,32,1637,2011-10-10,2017-4-21
1638,52,1638,2011-4-5,2021-3-13
1639,12,1639,2010-7-7,2012-2-21
1640,4,1640,2011-3-25,2019-4-4
1641,27,1641,2010-11-16,2020-1-14
1642,68,1642,2011-3-8,2015-9-7
1643,98,1643,2010-1-8,2024-12-28
1644,74,1644,2011-11-13,2012-12-14
1645,56,1645,2010-6-23,2018-1-20
1646,4,1646,2010-2-26,2016-12-24
1647,95,1647,2011-1-27,2020-5-14
1648,47,1648,2011-5-5,2024-1-21
1649,73,1649,2010-5-22,2021-6-6
1650,83,1650,2011-12-13,2025-9-19
1651,90,1651,2011-4-28,2015-7-17
1652,48,1652,2011-5-25,2025-1-9
1653,62,1653,2011-7-27,2014-6-2
1654,28,1654,2011-2-10,2014-8-28
1655,88,1655,2010-6-13,2024-5-12
1656,83,1656,2010-2-12,2024-7-10
1657,41,1657,2010-12-25,2016-12-10
1658,39,1658,2011-6-2,2012-10-21
1659,95,1659,2011-10-28,2015-7-24
1660,80,1660,2010-6-16,2014-4-16
1661,59,1661,2011-8-5,2013-11-5
1662,93,1662,2010-11-16,2020-11-8
1663,82,1663,2011-12-14,2021-4-6
1664,76,1664,2011-6-21,2012-8-4
1665,47,1665,2011-10-27,2020-2-27
1666,64,1666,2010-1-22,2017-10-16
1667,60,1667,2010-11-24,2014-10-10
1668,26,1668,2011-8-2,2014-11-18
1669,82,1669,2011-2-24,2012-2-22
1670,100,1670,2010-5-5,2013-11-24
1671,24,1671,2011-11-12,2019-3-23
1672,88,1672,2010-1-28,2019-10-11
1673,77,1673,2011-9-8,2019-12-13
1674,57,1674,2010-2-10,2017-5-7
1675,44,1675,2010-11-26,2012-4-21
1676,90,1676,2011-8-1,2012-5-27
1677,9,1677,2011-2-25,2019-6-17
1678,100,1678,2011-3-28,2020-10-10
1679,14,1679,2011-4-15,2019-9-1
1680,93,1680,2011-4-17,2022-1-21
1681,42,1681,2010-11-22,2015-4-22
1682,13,1682,2010-2-12,2013-6-13
1683,100,1683,2011-6-19,2014-10-6
1684,97,1684,2011-6-6,2020-5-19
1685,40,1685,2010-5-7,2021-1-14
1686,21,1686,2010-3-3,2021-3-10
1687,16,1687,2011-1-7,2018-11-14
1688,42,1688,2011-3-18,2015-12-9
1689,14,1689,2010-7-5,2024-8-5
1690,36,1690,2011-7-28,2023-11-1
1691,56,1691,2011-4-9,2023-12-7
1692,25,1692,2010-11-20,2012-9-11
1693,28,1693,2011-2-21,2013-9-14
1694,79,1694,2011-2-7,2025-1-21
1695,31,1695,2011-8-14,2016-3-3
1696,55,1696,2010-10-25,2022-3-2
1697,47,1697,2011-6-7,2012-3-1
1698,15,1698,2010-1-4,2023-10-8
1699,84,1699,2011-6-27,2012-9-8
1700,1,1700,2011-1-12,2014-1-20
1701,37,1701,2011-1-5,2013-12-11
1702,57,1702,2010-9-15,2021-9-18
1703,57,1703,2010-5-3,2019-9-9
1704,70,1704,2010-9-19,2014-4-24
1705,66,1705,2010-2-4,2013-5-23
1706,14,1706,2010-7-20,2023-5-25
1707,64,1707,2010-10-15,2021-5-19
1708,9,1708,2010-1-22,2021-2-25
1709,95,1709,2011-5-1,2016-7-6
1710,76,1710,2011-10-24,2021-4-22
1711,4,1711,2011-2-8,2023-9-12
1712,79,1712,2010-5-22,2022-4-5
1713,40,1713,2010-5-10,2024-1-22
1714,86,1714,2011-4-9,2022-9-26
1715,86,1715,2010-4-21,2017-6-12
1716,77,1716,2011-1-9,2025-5-11
1717,57,1717,2010-3-10,2016-10-3
1718,42,1718,2010-7-17,2014-1-23
1719,29,1719,2010-9-17,2019-5-24
1720,62,1720,2011-9-19,2014-9-19
1721,47,1721,2010-3-20,2013-8-4
1722,90,1722,2011-5-18,2018-2-4
1723,39,1723,2010-9-26,2025-5-28
1724,68,1724,2011-6-14,2015-7-16
1725,88,1725,2010-8-22,2021-3-4
1726,41,1726,2011-2-26,2024-5-16
1727,42,1727,2011-8-26,2019-4-3
1728,70,1728,2011-5-11,2021-5-16
1729,3,1729,2011-1-18,2022-3-18
1730,17,1730,2010-6-20,2014-11-22
1731,9,1731,2010-7-10,2013-12-16
1732,5,1732,2010-8-19,2023-8-21
1733,16,1733,2011-5-12,2014-4-28
1734,2,1734,2010-7-19,2021-11-19
1735,3,1735,2011-3-7,2024-5-14
1736,24,1736,2010-7-25,2022-9-27
1737,30,1737,2010-4-20,2020-10-2
1738,7,1738,2010-8-9,2012-10-15
1739,85,1739,2011-12-2,2024-9-26
1740,59,1740,2010-5-24,2014-4-26
1741,23,1741,2010-3-6,2023-9-18
1742,53,1742,2010-5-24,2025-5-18
1743,23,1743,2011-11-19,2022-8-8
1744,44,1744,2011-9-8,2013-12-5
1745,35,1745,2011-10-3,2019-4-2
1746,47,1746,2010-1-24,2023-3-1
1747,35,1747,2010-4-13,2018-12-7
1748,28,1748,2011-2-7,2016-6-25
1749,79,1749,2011-5-22,2020-12-27
1750,19,1750,2011-1-7,2019-9-4
1751,51,1751,2011-5-13,2025-10-14
1752,28,1752,2010-5-3,2023-5-15
1753,77,1753,2011-4-9,2018-8-21
1754,84,1754,2010-9-8,2024-6-6
1755,59,1755,2010-10-2,2015-6-15
1756,9,1756,2010-7-25,2016-7-15
1757,20,1757,2011-2-1,2012-9-4
1758,97,1758,2010-12-27,2012-7-27
1759,1,1759,2010-7-15,2015-8-8
1760,41,1760,2010-3-18,2020-6-19
1761,38,1761,2010-7-9,2022-1-23
1762,89,1762,2011-11-10,2013-11-9
1763,90,1763,2010-7-27,2019-6-2
1764,71,1764,2011-2-24,2019-1-25
1765,27,1765,2010-8-14,2019-9-15
1766,72,1766,2011-1-20,2016-10-22
1767,97,1767,2011-8-25,2023-3-13
1768,45,1768,2011-1-12,2022-3-10
1769,34,1769,2011-1-3,2025-2-27
1770,37,1770,2011-11-12,2016-9-7
1771,17,1771,2010-4-25,2020-8-1
1772,84,1772,2011-10-19,2024-12-19
1773,4,1773,2011-8-8,2020-7-12
1774,91,1774,2010-3-9,2020-11-4
1775,5,1775,2011-12-7,2019-2-9
1776,55,1776,2010-11-9,2017-10-8
1777,43,1777,2010-8-10,2021-12-23
1778,27,1778,2010-7-13,2013-1-10
1779,70,1779,2011-7-27,2015-10-21
1780,97,1780,2010-9-24,2023-12-6
1781,80,1781,2011-2-28,2017-8-21
1782,86,1782,2010-11-13,2018-2-1
1783,32,1783,2010-11-18,2014-10-3
1784,71,1784,2010-1-20,2015-11-1
1785,9,1785,2010-2-28,2018-11-2
1786,78,1786,2010-12-28,2018-6-8
1787,27,1787,2011-7-11,2021-12-3
1788,1,1788,2010-8-14,2015-5-6
1789,70,1789,2010-2-26,2013-11-6
1790,52,1790,2011-10-9,2020-3-26
1791,1,1791,2010-3-11,2015-4-14
1792,86,1792,2011-8-3,2014-4-18
1793,33,1793,2011-7-16,2024-4-4
1794,91,1794,2011-12-14,2018-7-24
1795,60,1795,2010-5-10,2018-5-16
1796,31,1796,2011-10-16,2025-6-8
1797,81,1797,2011-9-15,2013-5-15
1798,57,1798,2010-8-10,2023-4-24
1799,61,1799,2011-10-25,2022-4-14
1800,12,1800,2011-9-17,2017-11-12
1801,68,1801,2011-2-22,2025-3-13
1802,90,1802,2010-9-22,2012-6-5
1803,51,1803,2010-2-10,2020-7-19
1804,34,1804,2011-2-15,2022-6-22
1805,98,1805,2011-12-27,2016-5-20
1806,33,1806,2011-11-23,2014-10-1
1807,76,1807,2010-10-28,2012-5-20
1808,95,1808,2010-9-2,2024-6-10
1809,85,1809,2011-12-5,2022-12-22
1810,86,1810,2011-10-1,2021-6-11
1811,80,1811,2011-1-6,2021-7-12
1812,62,1812,2010-11-28,2021-12-19
1813,41,1813,2011-10-26,2022-11-17
1814,94,1814,2011-5-7,2016-9-27
1815,93,1815,2010-12-26,2012-7-4
1816,50,1816,2011-12-16,2014-10-13
1817,20,1817,2010-2-21,2016-3-20
1818,80,1818,2011-9-6,2020-9-10
1819,53,1819,2011-5-17,2013-8-4
1820,6,1820,2010-3-8,2024-12-7
1821,95,1821,2011-9-3,2018-10-25
1822,20,1822,2011-6-5,2024-8-23
1823,39,1823,2011-6-1,2021-9-8
1824,46,1824,2010-5-14,2023-10-21
1825,1,1825,2011-12-24,2022-4-15
1826,11,1826,2010-6-10,2016-4-6
1827,79,1827,2010-11-1,2022-10-5
1828,43,1828,2010-3-14,2024-4-16
1829,87,1829,2010-4-2,2025-8-5
1830,36,1830,2010-1-21,2015-12-4
1831,36,1831,2011-12-19,2025-1-27
1832,75,1832,2010-2-15,2015-4-10
1833,19,1833,2010-11-27,2025-1-15
1834,23,1834,2010-1-9,2022-8-10
1835,65,1835,2011-2-5,2020-5-9
1836,58,1836,2011-1-2,2014-12-5
1837,79,1837,2010-8-12,2024-4-3
1838,13,1838,2011-1-8,2019-7-21
1839,100,1839,2011-4-6,2022-6-10
1840,80,1840,2011-1-22,2015-10-15
1841,84,1841,2010-9-27,2013-10-26
1842,17,1842,2010-3-2,2024-9-26
1843,76,1843,2010-11-14,2023-4-8
1844,54,1844,2010-1-20,2023-12-20
1845,43,1845,2010-6-26,2022-8-9
1846,27,1846,2011-1-14,2023-10-23
1847,63,1847,2011-4-23,2025-2-6
1848,23,1848,2010-8-14,2019-3-12
1849,99,1849,2011-12-17,2018-8-20
1850,9,1850,2011-7-13,2025-6-15
1851,24,1851,2010-6-2,2025-10-2
1852,64,1852,2011-5-5,2020-8-6
1853,92,1853,2010-6-1,2017-10-20
1854,98,1854,2011-8-27,2024-1-7
1855,87,1855,2010-3-19,2022-10-1
1856,7,1856,2011-11-18,2017-8-6
1857,78,1857,2010-11-7,2023-12-8
1858,76,1858,2010-12-1,2019-9-23
1859,93,1859,2011-11-14,2017-11-6
1860,64,1860,2010-8-1,2014-3-27
1861,22,1861,2010-3-22,2015-6-19
1862,62,1862,2010-4-27,2024-9-1
1863,25,1863,2011-6-2,2020-1-12
1864,65,1864,2010-2-13,2020-1-13
1865,78,1865,2010-10-21,2016-10-19
1866,62,1866,2010-1-21,2021-5-23
1867,66,1867,2011-3-10,2025-11-8
1868,10,1868,2011-6-24,2013-7-18
1869,34,1869,2010-6-12,2025-5-8
1870,77,1870,2011-3-13,2024-4-12
1871,66,1871,2011-12-19,2022-5-27
1872,93,1872,2011-9-2,2014-11-17
1873,32,1873,2010-5-10,2023-7-13
1874,39,1874,2011-11-5,2020-8-13
1875,100,1875,2011-6-25,2018-7-4
1876,6,1876,2011-5-16,2018-10-27
1877,59,1877,2010-1-4,2020-2-13
1878,6,1878,2010-5-20,2015-7-2
1879,30,1879,2010-5-3,2015-5-6
1880,52,1880,2011-4-1,2015-10-10
1881,59,1881,2011-11-26,2021-8-2
1882,13,1882,2010-8-14,2012-3-3
1883,73,1883,2011-2-11,2017-9-23
1884,44,1884,2011-8-22,2019-9-18
1885,13,1885,2010-6-2,2023-4-24
1886,66,1886,2011-11-20,2024-8-3
1887,14,1887,2010-5-20,2023-12-12
1888,9,1888,2011-1-18,2022-4-1
1889,76,1889,2011-10-13,2020-8-10
1890,26,1890,2010-1-4,2014-10-3
1891,50,1891,2011-12-13,2025-4-19
1892,10,1892,2010-6-20,2012-2-9
1893,32,1893,2010-11-27,2017-3-13
1894,36,1894,2011-2-7,2015-11-27
1895,24,1895,2011-12-12,2024-8-8
1896,78,1896,2010-9-8,2017-6-10
1897,74,1897,2010-4-18,2017-1-18
1898,39,1898,2010-7-7,2025-5-25
1899,62,1899,2010-10-7,2025-1-7
1900,53,1900,2011-9-3,2023-9-9
1901,12,1901,2011-3-1,2016-7-27
1902,72,1902,2011-3-1,2020-9-10
1903,63,1903,2011-6-13,2019-8-8
1904,91,1904,2011-1-24,2017-6-9
1905,34,1905,2011-7-5,2024-4-9
1906,77,1906,2010-9-15,2017-4-14
1907,48,1907,2011-12-6,2015-8-14
1908,96,1908,2010-9-23,2017-11-24
1909,53,1909,2010-10-18,2018-4-10
1910,52,1910,2010-9-25,2020-9-24
1911,95,1911,2010-4-11,2022-4-25
1912,52,1912,2010-4-9,2025-8-7
1913,87,1913,2010-12-16,2023-1-13
1914,14,1914,2011-11-4,2025-6-15
1915,95,1915,2011-5-27,2020-9-3
1916,29,1916,2011-4-7,2023-2-19
1917,11,1917,2010-10-17,2018-1-11
1918,78,1918,2011-10-18,2017-6-20
1919,64,1919,2010-10-7,2014-10-23
1920,4,1920,2010-8-17,2021-10-6
1921,93,1921,2010-6-27,2021-10-8
1922,85,1922,2010-10-22,2015-7-20
1923,10,1923,2011-2-11,2021-8-23
1924,38,1924,2011-11-2,2013-12-4
1925,80,1925,2011-9-28,2015-10-20
1926,47,1926,2011-10-19,2013-12-4
1927,49,1927,2011-11-3,2017-9-13
1928,47,1928,2011-12-12,2019-6-22
1929,40,1929,2010-8-13,2019-3-24
1930,6,1930,2011-5-9,2022-11-13
1931,85,1931,2010-12-27,2025-4-1
1932,37,1932,2011-11-15,2015-5-18
1933,96,1933,2011-2-7,2017-6-16
1934,34,1934,2010-3-25,2018-10-3
1935,46,1935,2010-1-13,2017-10-1
1936,53,1936,2011-10-13,2014-5-15
1937,98,1937,2011-3-28,2014-10-4
1938,80,1938,2010-3-24,2020-12-13
1939,7,1939,2010-10-21,2025-8-11
1940,69,1940,2011-1-2,2015-1-5
1941,62,1941,2010-11-12,2020-7-9
1942,89,1942,2010-5-2,2024-4-19
1943,39,1943,2010-9-6,2015-6-18
1944,96,1944,2011-3-1,2015-12-10
1945,64,1945,2011-3-28,2022-3-20
1946,49,1946,2010-11-24,2012-10-4
1947,47,1947,2011-12-6,2020-6-11
1948,24,1948,2010-12-12,2020-8-21
1949,7,1949,2011-2-14,2024-8-22
1950,77,1950,2010-9-15,2021-4-23
1951,100,1951,2011-10-18,2014-2-10
1952,22,1952,2010-6-22,2015-8-18
1953,13,1953,2010-6-17,2013-12-7
1954,3,1954,2010-8-4,2022-11-23
1955,52,1955,2011-9-21,2013-11-24
1956,58,1956,2011-3-18,2025-8-6
1957,81,1957,2011-3-26,2025-11-15
1958,6,1958,2011-1-18,2024-12-20
1959,8,1959,2010-10-12,2015-5-7
1960,67,1960,2010-7-27,2022-8-9
1961,10,1961,2011-5-1,2016-6-10
1962,85,1962,2010-2-28,2017-11-5
1963,52,1963,2010-1-10,2015-1-21
1964,4,1964,2011-1-14,2021-11-26
1965,21,1965,2011-8-17,2020-4-1
1966,99,1966,2010-6-7,2019-1-27
1967,2,1967,2011-2-18,2013-9-16
1968,64,1968,2010-7-20,2019-11-12
1969,6,1969,2011-10-19,2019-8-16
1970,22,1970,2010-11-27,2013-1-18
1971,41,1971,2011-3-20,2023-6-5
1972,39,1972,2011-10-27,2015-7-27
1973,10,1973,2011-4-16,2013-2-24
1974,88,1974,2011-5-21,2014-6-19
1975,82,1975,2011-7-15,2013-1-18
1976,29,1976,2011-7-3,2012-4-21
1977,5,1977,2011-6-1,2014-4-27
1978,91,1978,2010-11-28,2021-7-19
1979,33,1979,2010-10-17,2014-4-16
1980,41,1980,2010-10-28,2019-5-22
1981,4,1981,2010-5-22,2020-6-12
1982,47,1982,2011-3-4,2014-3-14
1983,87,1983,2010-1-24,2014-7-25
1984,19,1984,2010-9-25,2019-11-26
1985,38,1985,2011-4-7,2015-4-18
1986,93,1986,2010-11-17,2020-9-16
1987,53,1987,2011-2-25,2023-12-11
1988,34,1988,2011-11-5,2025-2-7
1989,35,1989,2011-11-2,2022-3-4
1990,93,1990,2010-9-19,2023-10-27
1991,50,1991,2010-2-20,2014-6-22
1992,34,1992,2011-11-12,2017-11-11
1993,88,1993,2010-3-18,2015-1-25
1994,59,1994,2011-5-21,2024-11-15
1995,59,1995,2010-8-22,2022-7-9
1996,63,1996,2010-12-11,2013-11-17
1997,58,1997,2010-8-24,2023-12-8
1998,38,1998,2010-9-23,2023-9-26
1999,91,1999,2010-12-2,2013-12-19
2000,9,2000,2010-7-11,2021-5-17
2001,72,2001,2010-3-2,2015-6-19
2002,66,2002,2011-9-17,2013-2-18
2003,43,2003,2010-3-5,2018-10-3
2004,5,2004,2011-3-24,2024-8-18
2005,24,2005,2010-2-11,2020-12-19
2006,38,2006,2011-7-2,2012-2-27
2007,44,2007,2010-1-13,2019-3-20
2008,35,2008,2010-9-17,2019-9-13
2009,83,2009,2010-7-11,2018-1-27
2010,49,2010,2010-5-15,2016-5-19
2011,66,2011,2010-2-8,2021-9-9
2012,54,2012,2010-7-21,2018-6-16
2013,78,2013,2010-6-3,2013-12-2
2014,16,2014,2011-9-8,2025-6-17
2015,20,2015,2010-7-20,2021-1-24
2016,87,2016,2010-12-17,2018-1-25
2017,77,2017,2010-2-19,2024-6-16
2018,10,2018,2010-3-11,2022-3-8
2019,35,2019,2010-4-20,2016-6-20
2020,34,2020,2011-3-18,2020-1-24
2021,50,2021,2010-2-2,2024-2-25
2022,99,2022,2011-9-18,2021-5-12
2023,63,2023,2011-4-12,2021-5-26
2024,69,2024,2011-4-27,2021-2-12
2025,38,2025,2010-4-21,2020-1-20
2026,4,2026,2010-6-13,2021-6-22
2027,45,2027,2011-2-4,2023-9-28
2028,48,2028,2011-5-8,2017-2-25
2029,5,2029,2011-4-27,2018-10-16
2030,44,2030,2010-1-23,2022-4-22
2031,42,2031,2010-9-21,2021-2-11
2032,85,2032,2010-5-28,2020-4-19
2033,83,2033,2011-8-8,2020-1-20
2034,27,2034,2011-7-25,2023-6-1
2035,12,2035,2010-11-11,2025-11-26
2036,93,2036,2011-2-22,2022-1-11
2037,82,2037,2011-4-24,2020-7-6
2038,16,2038,2010-9-19,2023-4-28
2039,89,2039,2010-7-21,2014-9-22
2040,36,2040,2011-7-27,2020-11-19
2041,78,2041,2010-7-25,2021-8-18
2042,77,2042,2011-6-18,2022-12-20
2043,9,2043,2011-10-24,2022-1-14
2044,56,2044,2010-2-18,2017-2-11
2045,56,2045,2011-11-26,2014-1-2
2046,96,2046,2011-4-9,2019-6-1
2047,75,2047,2011-5-21,2023-2-24
2048,44,2048,2011-4-19,2022-11-2
2049,64,2049,2011-8-16,2022-9-16
2050,34,2050,2010-8-25,2017-6-10
2051,82,2051,2011-12-24,2024-5-27
2052,70,2052,2011-4-18,2016-1-20
2053,75,2053,2011-12-15,2024-3-15
2054,74,2054,2011-7-1,2022-11-7
2055,13,2055,2010-2-16,2013-8-3
2056,29,2056,2010-5-15,2012-11-15
2057,28,2057,2011-1-19,2015-12-25
2058,97,2058,2010-3-28,2014-2-23
2059,86,2059,2010-10-22,2019-7-13
2060,50,2060,2011-9-10,2013-5-10
2061,29,2061,2011-8-1,2024-12-13
2062,92,2062,2010-1-27,2022-12-11
2063,24,2063,2010-5-8,2023-4-26
2064,99,2064,2010-10-9,2022-3-4
2065,65,2065,2010-10-13,2020-5-25
2066,64,2066,2011-2-26,2015-2-13
2067,3,2067,2011-8-6,2012-4-23
2068,27,2068,2011-1-2,2021-11-27
2069,56,2069,2011-9-18,2023-7-8
2070,86,2070,2011-12-21,2018-10-6
2071,7,2071,2011-12-21,2022-4-19
2072,59,2072,2010-6-2,2025-10-7
2073,74,2073,2010-3-11,2024-8-14
2074,96,2074,2011-1-9,2021-2-21
2075,20,2075,2011-6-5,2016-12-25
2076,13,2076,2010-1-13,2024-6-26
2077,42,2077,2011-3-26,2022-1-19
2078,18,2078,2011-8-28,2017-6-21
2079,93,2079,2010-11-2,2017-7-18
2080,58,2080,2010-8-21,2025-2-23
2081,23,2081,2010-6-19,2021-6-8
2082,57,2082,2011-4-6,2013-6-8
2083,64,2083,2010-3-3,2025-10-12
2084,28,2084,2010-6-27,2022-9-26
2085,29,2085,2011-12-16,2021-7-19
2086,29,2086,2010-2-21,2014-12-21
2087,57,2087,2010-5-9,2014-7-28
2088,38,2088,2010-9-17,2015-9-26
2089,17,2089,2010-3-24,2018-11-7
2090,60,2090,2011-7-19,2015-12-22
2091,73,2091,2011-7-10,2015-9-14
2092,3,2092,2011-2-23,2025-5-7
2093,51,2093,2010-8-11,2013-7-18
2094,89,2094,2010-1-16,2021-7-28
2095,82,2095,2010-11-11,2019-6-20
2096,62,2096,2011-11-3,2020-10-16
2097,70,2097,2010-7-16,2023-10-14
2098,45,2098,2011-10-26,2018-10-6
2099,55,2099,2011-7-7,2016-12-17
2100,6,2100,2010-10-28,2020-3-22
2101,5,2101,2010-3-14,2013-3-6
2102,14,2102,2011-6-5,2018-4-3
2103,65,2103,2011-5-21,2015-5-12
2104,53,2104,2011-1-10,2012-11-20
2105,36,2105,2011-3-23,2016-10-11
2106,37,2106,2011-10-16,2012-7-27
2107,87,2107,2011-2-1,2013-11-16
2108,52,2108,2010-11-6,2013-7-3
2109,41,2109,2010-3-15,2025-7-27
2110,89,2110,2010-10-15,2022-10-8
2111,56,2111,2010-6-21,2019-1-11
2112,27,2112,2010-9-10,2024-5-15
2113,71,2113,2011-5-5,2013-6-14
2114,29,2114,2011-10-17,2013-3-23
2115,80,2115,2010-11-8,2018-11-20
2116,48,2116,2011-12-19,2014-7-3
2117,45,2117,2010-7-22,2013-1-14
2118,71,2118,2010-6-3,2017-1-23
2119,64,2119,2010-2-14,2017-11-8
2120,11,2120,2010-9-4,2025-6-10
2121,21,2121,2010-6-21,2012-9-17
2122,55,2122,2010-5-5,2020-8-25
2123,14,2123,2011-4-26,2022-5-21
2124,71,2124,2010-11-8,2024-2-19
2125,87,2125,2010-5-7,2012-1-23
2126,99,2126,2011-4-17,2024-7-17
2127,81,2127,2011-8-3,2017-6-19
2128,17,2128,2010-1-17,2013-1-5
2129,89,2129,2011-1-23,2015-5-22
2130,100,2130,2010-9-24,2016-8-18
2131,99,2131,2011-5-23,2022-1-14
2132,12,2132,2011-10-22,2025-10-12
2133,4,2133,2010-12-26,2015-8-22
2134,51,2134,2011-2-19,2016-3-17
2135,52,2135,2011-2-27,2013-5-4
2136,90,2136,2011-1-9,2022-1-1
2137,96,2137,2011-1-18,2020-8-20
2138,73,2138,2011-11-21,2025-7-8
2139,6,2139,2010-11-2,2019-11-19
2140,30,2140,2011-4-21,2012-8-9
2141,8,2141,2011-6-1,2016-3-7
2142,48,2142,2010-6-4,2016-2-5
2143,76,2143,2011-7-8,2022-10-15
2144,89,2144,2011-1-5,2012-10-16
2145,68,2145,2011-6-3,2019-4-13
2146,27,2146,2011-4-26,2020-5-12
2147,40,2147,2011-9-23,2014-5-14
2148,66,2148,2010-4-22,2018-3-9
2149,29,2149,2010-1-21,2016-2-23
2150,30,2150,2011-2-23,2021-12-3
2151,75,2151,2011-11-10,2016-1-11
2152,27,2152,2011-3-21,2019-6-10
2153,90,2153,2010-6-3,2014-1-27
2154,92,2154,2011-11-5,2020-9-5
2155,85,2155,2011-12-14,2020-9-11
2156,78,2156,2010-3-25,2021-7-25
2157,2,2157,2011-12-3,2021-6-21
2158,88,2158,2011-2-21,2014-4-24
2159,48,2159,2010-11-9,2016-7-11
2160,12,2160,2010-10-11,2020-2-8
2161,64,2161,2011-8-13,2021-10-15
2162,94,2162,2011-10-2,2023-5-4
2163,38,2163,2010-7-14,2015-12-15
2164,32,2164,2010-12-21,2019-8-20
2165,16,2165,2011-7-10,2019-5-7
2166,20,2166,2010-8-7,2014-1-11
2167,77,2167,2010-1-15,2017-9-5
2168,53,2168,2011-10-26,2016-7-4
2169,2,2169,2011-10-22,2022-7-26
2170,23,2170,2010-2-1,2024-9-19
2171,28,2171,2011-4-20,2013-4-2
2172,66,2172,2011-2-21,2022-2-27
2173,29,2173,2011-4-1,2012-7-11
2174,68,2174,2010-9-28,2013-4-24
2175,6,2175,2010-4-15,2012-4-1
2176,83,2176,2010-6-26,2018-3-24
2177,36,2177,2011-6-16,2020-8-15
2178,93,2178,2010-6-21,2024-5-20
2179,52,2179,2010-5-1,2013-2-18
2180,72,2180,2011-1-20,2024-8-26
2181,17,2181,2011-8-9,2023-7-10
2182,5,2182,2011-10-5,2022-6-10
2183,43,2183,2010-12-5,2025-4-12
2184,88,2184,2011-4-6,2025-6-16
2185,75,2185,2010-5-18,2020-9-9
2186,20,2186,2010-6-18,2015-4-21
2187,48,2187,2011-1-28,2019-1-11
2188,39,2188,2010-5-19,2023-12-15
2189,27,2189,2010-10-28,2019-7-13
2190,30,2190,2011-3-10,2020-2-8
2191,49,2191,2011-2-25,2013-3-11
2192,84,2192,2011-9-15,2017-2-22
2193,33,2193,2011-1-25,2016-6-17
2194,100,2194,2010-3-1,2023-2-12
2195,94,2195,2011-11-17,2016-5-8
2196,97,2196,2010-7-9,2016-5-1
2197,20,2197,2011-3-6,2020-5-21
2198,34,2198,2011-3-21,2022-5-11
2199,58,2199,2011-5-23,2013-9-1
2200,62,2200,2011-2-18,2024-9-15
2201,12,2201,2011-12-6,2016-10-15
2202,100,2202,2010-12-12,2021-4-1
2203,44,2203,2011-4-10,2025-6-28
2204,54,2204,2010-3-25,2021-4-26
2205,43,2205,2011-8-22,2022-6-18
2206,9,2206,2010-6-25,2020-9-11
2207,75,2207,2011-6-1,2025-12-9
2208,3,2208,2011-2-13,2020-4-24
2209,94,2209,2011-5-18,2015-5-22
2210,64,2210,2010-5-2,2022-10-4
2211,9,2211,2010-7-19,2018-9-6
2212,82,2212,2010-1-15,2015-5-19
2213,96,2213,2010-12-24,2024-9-28
2214,94,2214,2010-8-23,2019-6-23
2215,16,2215,2010-8-21,2023-8-23
2216,44,2216,2010-2-9,2012-4-25
2217,60,2217,2011-2-17,2018-4-17
2218,45,2218,2011-5-12,2023-9-15
2219,3,2219,2010-9-2,2019-12-17
2220,17,2220,2010-1-15,2021-10-26
2221,72,2221,2010-9-23,2014-10-12
2222,67,2222,2010-6-20,2021-4-26
2223,89,2223,2011-8-28,2024-7-13
2224,35,2224,2010-2-9,2016-1-24
2225,90,2225,2011-8-24,2024-9-2
2226,55,2226,2011-5-19,2014-2-10
2227,24,2227,2011-10-16,2020-2-9
2228,70,2228,2010-8-9,2013-7-17
2229,69,2229,2011-7-19,2017-2-19
2230,6,2230,2010-9-27,2015-5-26
2231,85,2231,2010-2-17,2019-4-6
2232,80,2232,2011-3-2,2017-3-8
2233,61,2233,2011-4-20,2024-1-15
2234,78,2234,2010-9-26,2019-11-5
2235,38,2235,2010-5-19,2022-10-12
2236,37,2236,2010-12-21,2024-12-16
2237,14,2237,2011-9-4,2020-3-12
2238,63,2238,2011-7-10,2013-10-5
2239,47,2239,2010-12-22,2020-11-23
2240,34,2240,2010-1-4,2020-6-5
2241,94,2241,2010-5-14,2015-3-1
2242,7,2242,2011-1-8,2021-4-7
2243,59,2243,2011-9-6,2014-1-6
2244,53,2244,2011-7-14,2014-4-22
2245,79,2245,2010-1-1,2024-11-28
2246,42,2246,2011-7-10,2024-3-25
2247,100,2247,2010-12-4,2015-11-14
2248,94,2248,2010-12-24,2022-3-28
2249,54,2249,2011-7-3,2021-5-2
2250,29,2250,2011-12-24,2018-8-27
2251,23,2251,2010-1-22,2018-1-8
2252,92,2252,2011-6-17,2013-2-26
2253,27,2253,2010-8-24,2020-12-10
2254,16,2254,2010-5-2,2018-2-7
2255,42,2255,2011-1-8,2017-11-19
2256,26,2256,2011-2-28,2018-5-13
2257,95,2257,2011-12-4,2018-4-10
2258,4,2258,2011-4-20,2014-11-13
2259,5,2259,2011-11-18,2023-5-8
2260,8,2260,2010-5-7,2018-12-18
2261,40,2261,2010-7-21,2024-2-11
2262,12,2262,2011-10-8,2015-3-11
2263,92,2263,2011-8-3,2024-6-16
2264,99,2264,2011-4-21,2022-11-7
2265,28,2265,2011-2-26,2018-2-10
2266,43,2266,2010-11-6,2019-2-17
2267,78,2267,2011-6-13,2019-12-16
2268,80,2268,2010-11-1,2014-4-27
2269,26,2269,2011-1-20,2021-10-27
2270,87,2270,2010-12-1,2019-1-28
2271,52,2271,2010-6-1,2021-12-28
2272,39,2272,2011-3-23,2012-8-11
2273,20,2273,2010-12-16,2017-5-8
2274,35,2274,2011-9-5,2017-5-20
2275,64,2275,2011-10-15,2015-8-20
2276,45,2276,2011-3-23,2019-1-14
2277,23,2277,2011-2-5,2023-12-2
2278,98,2278,2010-6-6,2022-10-3
2279,14,2279,2010-6-1,2021-8-16
2280,44,2280,2010-9-1,2018-12-23
2281,98,2281,2010-7-2,2021-5-13
2282,26,2282,2011-11-24,2016-3-9
2283,44,2283,2010-4-28,2018-4-23
2284,64,2284,2010-4-12,2015-10-8
2285,77,2285,2010-6-22,2025-7-21
2286,71,2286,2011-6-26,2014-8-12
2287,80,2287,2011-11-15,2021-9-20
2288,50,2288,2010-3-8,2023-2-2
2289,97,2289,2010-12-8,2015-5-22
2290,79,2290,2010-8-19,2020-8-11
2291,18,2291,2010-9-6,2015-1-6
2292,43,2292,2010-4-21,2021-1-5
2293,77,2293,2010-3-14,2025-1-14
2294,67,2294,2010-9-4,2020-7-15
2295,43,2295,2011-4-20,2014-5-28
2296,38,2296,2011-5-2,2017-7-6
2297,19,2297,2011-9-13,2018-9-14
2298,75,2298,2011-10-17,2015-3-16
2299,93,2299,2011-5-4,2018-1-7
2300,68,2300,2011-8-15,2019-9-19
2301,96,2301,2010-12-23,2012-1-15
2302,61,2302,2011-9-1,2021-3-26
2303,53,2303,2010-1-15,2025-12-5
2304,64,2304,2010-3-1,2020-11-9
2305,96,2305,2011-10-20,2018-12-27
2306,34,2306,2011-5-2,2018-9-27
2307,17,2307,2011-3-23,2018-4-17
2308,84,2308,2011-2-5,2019-8-7
2309,10,2309,2010-11-9,2024-9-6
2310,37,2310,2011-12-4,2012-12-2
2311,24,2311,2011-2-19,2015-10-12
2312,55,2312,2010-9-1,2025-9-6
2313,33,2313,2011-10-11,2021-2-22
2314,48,2314,2010-4-16,2015-6-14
2315,17,2315,2010-8-21,2017-12-2
2316,64,2316,2011-7-27,2015-3-14
2317,5,2317,2011-5-14,2020-12-26
2318,51,2318,2011-8-13,2016-7-21
2319,45,2319,2010-5-23,2015-11-12
2320,43,2320,2010-4-24,2015-6-4
2321,12,2321,2010-1-18,2019-5-16
2322,76,2322,2010-5-23,2014-12-18
2323,23,2323,2011-11-6,2021-6-27
2324,100,2324,2011-1-18,2023-5-6
2325,56,2325,2011-5-14,2015-9-8
2326,84,2326,2011-9-3,2020-5-6
2327,79,2327,2011-8-24,2022-4-10
2328,70,2328,2010-9-7,2012-9-24
2329,70,2329,2011-6-12,2024-2-28
2330,54,2330,2011-9-9,2020-2-28
2331,57,2331,2010-12-7,2015-12-3
2332,49,2332,2011-4-27,2022-2-4
2333,66,2333,2011-6-24,2012-1-9
2334,30,2334,2011-8-26,2013-7-8
2335,53,2335,2011-6-26,2017-3-26
2336,76,2336,2011-1-25,2014-1-15
2337,80,2337,2010-3-1,2021-3-7
2338,91,2338,2011-8-23,2017-9-27
2339,64,2339,2011-12-24,2017-10-19
2340,27,2340,2011-4-26,2012-2-5
2341,76,2341,2010-5-16,2025-4-8
2342,60,2342,2011-4-2,2014-1-12
2343,91,2343,2010-12-17,2013-3-5
2344,94,2344,2010-4-26,2023-7-10
2345,49,2345,2010-8-1,2017-7-2
2346,69,2346,2010-5-12,2014-2-20
2347,89,2347,2010-2-3,2023-7-23
2348,44,2348,2010-5-21,2021-6-23
2349,16,2349,2011-4-11,2023-5-3
2350,22,2350,2011-6-17,2016-5-22
2351,60,2351,2011-2-9,2017-9-21
2352,52,2352,2010-2-12,2012-10-18
2353,35,2353,2010-8-6,2018-8-5
2354,71,2354,2011-9-7,2016-10-22
2355,52,2355,2010-10-10,2021-3-18
2356,52,2356,2011-5-2,2017-9-10
2357,56,2357,2010-3-21,2024-8-19
2358,80,2358,2010-11-26,2024-6-28
2359,35,2359,2011-11-1,2014-1-5
2360,37,2360,2010-12-3,2014-1-11
2361,70,2361,2011-8-5,2024-9-13
2362,84,2362,2011-4-4,2020-8-26
2363,15,2363,2010-3-26,2019-9-3
2364,64,2364,2011-2-5,2017-9-2
2365,12,2365,2011-7-24,2016-12-21
2366,20,2366,2010-3-17,2019-8-16
2367,22,2367,2010-1-28,2017-3-10
2368,65,2368,2011-1-25,2025-11-21
2369,34,2369,2010-4-11,2024-7-26
2370,42,2370,2010-2-25,2017-6-12
2371,6,2371,2010-7-5,2017-12-15
2372,80,2372,2010-10-3,2015-12-23
2373,20,2373,2010-11-3,2020-4-2
2374,55,2374,2010-2-13,2019-2-27
2375,19,2375,2011-11-2,2016-11-11
2376,99,2376,2011-5-21,2024-7-22
2377,59,2377,2010-11-22,2023-12-25
2378,60,2378,2010-6-7,2012-3-24
2379,36,2379,2010-11-3,2021-12-22
2380,43,2380,2010-5-9,2017-7-20
2381,57,2381,2010-12-16,2023-2-9
2382,42,2382,2010-12-10,2019-7-3
2383,52,2383,2011-11-11,2016-7-11
2384,17,2384,2011-4-20,2017-2-7
2385,71,2385,2010-10-15,2016-1-2
2386,6,2386,2010-7-14,2015-3-17
2387,28,2387,2011-5-15,2015-5-10
2388,20,2388,2010-3-22,2015-3-11
2389,73,2389,2010-8-13,2021-4-19
2390,29,2390,2010-12-21,2018-3-1
2391,54,2391,2010-1-9,2015-3-24
2392,69,2392,2010-6-19,2023-8-10
2393,30,2393,2010-4-23,2013-5-21
2394,61,2394,2010-3-16,2025-1-22
2395,54,2395,2010-12-4,2015-2-21
2396,89,2396,2011-5-12,2017-7-10
2397,16,2397,2010-9-15,2012-2-23
2398,87,2398,2010-1-4,2020-11-8
2399,91,2399,2011-7-22,2022-8-7
2400,32,2400,2010-7-17,2018-4-17
2401,87,2401,2010-8-18,2025-11-28
2402,65,2402,2011-4-21,2022-8-10
2403,71,2403,2010-1-23,2013-5-6
2404,79,2404,2011-1-3,2023-6-15
2405,11,2405,2010-2-6,2017-7-9
2406,64,2406,2011-6-13,2017-1-19
2407,88,2407,2010-12-13,2024-3-18
2408,27,2408,2011-1-8,2014-9-7
2409,83,2409,2011-12-15,2022-10-10
2410,25,2410,2011-6-9,2013-12-13
2411,87,2411,2011-12-18,2017-5-12
2412,32,2412,2010-1-10,2012-4-27
2413,19,2413,2011-10-27,2012-7-16
2414,66,2414,2010-5-24,2021-6-17
2415,73,2415,2010-6-11,2012-10-3
2416,39,2416,2011-8-10,2015-2-4
2417,20,2417,2010-8-8,2013-9-11
2418,62,2418,2011-8-4,2022-5-13
2419,81,2419,2011-8-11,2019-10-26
2420,63,2420,2010-8-21,2017-3-14
2421,70,2421,2011-1-22,2023-1-28
2422,89,2422,2011-12-4,2023-9-10
2423,58,2423,2010-1-16,2023-6-17
2424,91,2424,2011-3-5,2020-11-8
2425,70,2425,2010-9-25,2015-1-26
2426,14,2426,2011-6-14,2017-7-9
2427,39,2427,2010-5-4,2021-3-2
2428,46,2428,2011-12-21,2018-10-12
2429,40,2429,2010-4-11,2021-4-4
2430,65,2430,2010-9-9,2014-2-3
2431,87,2431,2010-12-6,2021-12-13
2432,33,2432,2010-5-3,2012-2-22
2433,87,2433,2011-4-9,2016-3-27
2434,21,2434,2010-5-28,2014-3-15
2435,86,2435,2010-3-10,2019-1-9
2436,48,2436,2011-7-14,2018-2-11
2437,43,2437,2010-7-7,2025-6-4
2438,55,2438,2010-11-14,2012-1-7
2439,2,2439,2010-1-15,2022-3-4
2440,53,2440,2011-6-12,2020-4-23
2441,25,2441,2011-12-20,2015-12-2
2442,45,2442,2010-2-27,2016-4-13
2443,6,2443,2010-6-19,2019-5-11
2444,38,2444,2010-2-6,2015-12-7
2445,18,2445,2010-2-17,2021-12-4
2446,92,2446,2011-8-28,2017-10-24
2447,5,2447,2010-8-25,2019-7-25
2448,35,2448,2011-11-25,2025-6-20
2449,42,2449,2011-1-17,2015-1-5
2450,59,2450,2011-8-5,2023-4-2
2451,88,2451,2010-12-18,2012-2-2
2452,77,2452,2010-8-19,2022-3-24
2453,65,2453,2011-4-18,2012-11-5
2454,56,2454,2011-5-20,2023-4-15
2455,34,2455,2010-12-15,2016-11-28
2456,31,2456,2011-7-19,2024-3-17
2457,81,2457,2011-2-5,2013-1-4
2458,8,2458,2010-6-2,2013-5-23
2459,43,2459,2010-1-26,2024-3-1
2460,72,2460,2010-6-28,2022-7-4
2461,40,2461,2010-2-8,2017-7-23
2462,78,2462,2010-2-7,2016-11-6
2463,33,2463,2010-11-18,2024-6-16
2464,70,2464,2011-5-12,2017-6-17
2465,18,2465,2010-2-25,2024-5-2
2466,62,2466,2010-7-14,2023-6-1
2467,99,2467,2011-9-16,2025-4-12
2468,93,2468,2011-3-9,2022-1-11
2469,65,2469,2011-5-24,2017-2-28
2470,78,2470,2011-9-18,2014-12-6
2471,72,2471,2011-12-1,2016-1-18
2472,80,2472,2010-11-6,2015-12-20
2473,91,2473,2011-7-7,2022-7-6
2474,4,2474,2010-8-1,2014-1-11
2475,63,2475,2011-7-23,2025-3-4
2476,54,2476,2010-12-21,2024-6-2
2477,90,2477,2010-2-3,2012-8-27
2478,15,2478,2011-9-20,2024-10-12
2479,65,2479,2011-8-6,2021-11-10
2480,80,2480,2011-7-4,2019-5-13
2481,54,2481,2010-3-18,2020-5-7
2482,82,2482,2011-3-24,2024-11-8
2483,27,2483,2010-3-19,2020-2-20
2484,96,2484,2010-12-4,2021-4-15
2485,51,2485,2010-1-26,2012-4-22
2486,32,2486,2011-12-16,2015-1-28
2487,78,2487,2011-9-21,2013-12-16
2488,92,2488,2010-4-5,2025-12-21
2489,22,2489,2010-1-7,2021-6-28
2490,90,2490,2010-9-1,2015-6-5
2491,33,2491,2010-6-8,2021-3-11
2492,34,2492,2011-6-10,2024-6-14
2493,76,2493,2011-12-18,2022-8-2
2494,17,2494,2010-5-23,2024-4-20
2495,12,2495,2010-2-9,2022-5-27
2496,16,2496,2011-10-4,2021-3-12
2497,84,2497,2011-9-17,2015-4-23
2498,43,2498,2011-2-11,2013-10-14
2499,1,2499,2011-3-6,2016-8-12
2500,56,2500,2011-11-19,2021-7-3
2501,79,2501,2010-8-14,2019-3-4
2502,81,2502,2011-3-22,2023-6-27
2503,63,2503,2011-1-20,2015-7-23
2504,33,2504,2010-8-12,2022-3-21
2505,72,2505,2011-9-24,2021-1-6
2506,40,2506,2011-8-2,2017-11-18
2507,75,2507,2011-1-19,2015-2-18
2508,59,2508,2011-7-19,2024-4-24
2509,3,2509,2010-1-6,2022-10-6
2510,12,2510,2010-5-16,2020-7-24
2511,28,2511,2010-3-24,2017-7-19
2512,6,2512,2010-8-4,2023-8-8
2513,84,2513,2011-5-15,2024-5-10
2514,97,2514,2011-2-14,2018-3-17
2515,23,2515,2010-2-1,2021-1-10
2516,2,2516,2011-4-6,2015-1-8
2517,75,2517,2010-11-9,2014-5-18
2518,93,2518,2011-4-6,2012-4-16
2519,22,2519,2011-10-9,2013-10-12
2520,17,2520,2010-6-13,2014-11-27
2521,100,2521,2011-6-4,2022-7-10
2522,87,2522,2011-6-11,2020-1-5
2523,48,2523,2010-7-2,2015-6-13
2524,64,2524,2011-10-7,2014-9-17
2525,52,2525,2011-10-5,2018-7-20
2526,46,2526,2011-3-5,2016-6-19
2527,77,2527,2010-12-13,2024-12-20
2528,55,2528,2011-1-12,2023-1-24
2529,94,2529,2010-11-7,2023-2-20
2530,55,2530,2011-2-2,2019-5-22
2531,30,2531,2010-6-28,2019-3-18
2532,74,2532,2010-2-25,2017-1-18
2533,60,2533,2011-9-12,2018-12-15
2534,89,2534,2010-4-13,2013-5-4
2535,27,2535,2010-6-9,2024-2-5
2536,82,2536,2011-2-28,2013-11-19
2537,3,2537,2011-8-22,2015-5-6
2538,69,2538,2011-1-17,2018-11-27
2539,29,2539,2011-1-4,2021-5-15
2540,34,2540,2010-10-21,2014-6-20
2541,88,2541,2011-7-26,2024-10-14
2542,45,2542,2010-5-24,2023-12-4
2543,34,2543,2010-12-26,2019-7-23
2544,34,2544,2011-2-19,2012-2-15
2545,58,2545,2010-9-5,2013-11-4
2546,51,2546,2011-9-14,2015-10-9
2547,28,2547,2011-2-6,2022-1-1
2548,40,2548,2011-6-15,2020-6-15
2549,15,2549,2010-2-16,2024-1-6
2550,69,2550,2011-2-21,2015-8-25
2551,47,2551,2010-8-24,2018-1-28
2552,72,2552,2010-9-7,2018-3-4
2553,89,2553,2011-8-21,2023-11-17
2554,19,2554,2010-8-25,2016-4-8
2555,82,2555,2011-5-20,2022-2-28
2556,44,2556,2010-10-8,2018-8-9
2557,75,2557,2011-2-17,2024-4-9
2558,53,2558,2010-6-13,2017-2-25
2559,61,2559,2010-6-13,2021-11-11
2560,55,2560,2010-8-13,2012-10-13
2561,56,2561,2010-1-10,2021-9-9
2562,97,2562,2011-1-20,2025-10-24
2563,44,2563,2011-7-15,2013-10-25
2564,88,2564,2011-5-3,2012-11-7
2565,82,2565,2010-11-25,2017-11-24
2566,43,2566,2010-3-26,2013-3-6
2567,84,2567,2010-2-1,2018-10-7
2568,88,2568,2011-6-19,2022-5-18
2569,75,2569,2010-10-28,2022-4-11
2570,62,2570,2011-5-2,2020-12-11
2571,59,2571,2010-11-28,2019-7-4
2572,3,2572,2011-12-8,2021-12-22
2573,62,2573,2011-3-27,2024-5-28
2574,1,2574,2011-4-22,2024-1-25
2575,95,2575,2011-6-8,2015-12-22
2576,82,2576,2011-9-26,2012-8-26
2577,81,2577,2011-4-6,2024-5-27
2578,29,2578,2011-1-7,2023-6-22
2579,52,2579,2010-4-17,2025-1-22
2580,60,2580,2011-8-9,2023-10-14
2581,59,2581,2010-11-15,2022-9-15
2582,20,2582,2011-4-5,2021-2-25
2583,27,2583,2010-12-13,2014-9-8
2584,62,2584,2011-10-24,2020-9-27
2585,16,2585,2011-5-5,2022-9-13
2586,35,2586,2011-3-18,2024-8-22
2587,91,2587,2011-7-20,2018-8-15
2588,60,2588,2010-2-10,2022-9-10
2589,26,2589,2011-2-8,2017-1-28
2590,53,2590,2011-10-17,2025-12-28
2591,2,2591,2010-5-6,2019-2-20
2592,60,2592,2011-2-2,2013-1-12
2593,70,2593,2010-10-5,2016-11-6
2594,95,2594,2011-2-21,2024-9-4
2595,21,2595,2011-4-1,2024-9-2
2596,82,2596,2011-12-2,2018-11-22
2597,89,2597,2010-12-28,2012-4-9
2598,11,2598,2010-10-20,2023-7-21
2599,13,2599,2011-6-14,2016-8-20
2600,83,2600,2010-10-23,2014-11-15
2601,85,2601,2010-5-27,2023-2-21
2602,94,2602,2010-5-4,2025-2-13
2603,40,2603,2011-9-22,2014-1-25
2604,63,2604,2010-3-26,2022-10-21
2605,62,2605,2010-11-23,2018-9-2
2606,69,2606,2011-12-7,2021-8-14
2607,99,2607,2010-9-1,2019-6-16
2608,45,2608,2011-1-14,2014-12-9
2609,27,2609,2011-5-26,2024-7-22
2610,7,2610,2010-4-8,2020-4-20
2611,38,2611,2010-1-26,2012-7-20
2612,52,2612,2011-5-14,2014-10-26
2613,96,2613,2011-4-7,2017-7-18
2614,67,2614,2011-4-7,2023-6-13
2615,45,2615,2011-8-18,2020-4-21
2616,1,2616,2011-6-2,2018-1-22
2617,64,2617,2010-5-25,2024-12-11
2618,51,2618,2010-12-15,2020-2-27
2619,50,2619,2010-7-1,2018-9-22
2620,22,2620,2010-1-11,2021-2-8
2621,82,2621,2010-12-25,2014-9-18
2622,38,2622,2011-8-24,2020-3-14
2623,30,2623,2010-1-4,2024-2-13
2624,45,2624,2011-4-20,2016-2-5
2625,47,2625,2010-5-7,2024-7-22
2626,93,2626,2010-2-16,2012-7-1
2627,21,2627,2010-8-24,2022-9-2
2628,47,2628,2011-7-18,2017-2-8
2629,90,2629,2011-4-16,2022-3-5
2630,40,2630,2010-6-6,2023-1-4
2631,85,2631,2010-11-11,2014-10-17
2632,54,2632,2010-1-5,2021-8-6
2633,90,2633,2010-1-27,2014-5-16
2634,87,2634,2011-12-1,2013-11-3
2635,16,2635,2010-3-4,2021-9-27
2636,45,2636,2010-5-19,2021-1-24
2637,92,2637,2010-5-1,2024-4-28
2638,65,2638,2010-6-5,2022-3-9
2639,70,2639,2010-9-4,2012-3-28
2640,52,2640,2010-1-9,2023-5-18
2641,17,2641,2011-2-28,2023-4-6
2642,57,2642,2010-11-25,2016-11-25
2643,5,2643,2011-10-9,2020-3-25
2644,6,2644,2011-3-17,2015-4-5
2645,40,2645,2011-2-2,2023-6-12
2646,48,2646,2010-2-11,2023-8-6
2647,71,2647,2011-5-2,2024-11-2
2648,45,2648,2010-5-17,2020-4-18
2649,64,2649,2010-5-12,2025-3-27
2650,14,2650,2011-8-15,2022-10-23
2651,95,2651,2011-10-17,2018-7-22
2652,8,2652,2011-10-13,2017-11-21
2653,24,2653,2011-9-8,2022-7-16
2654,82,2654,2010-12-11,2019-12-11
2655,39,2655,2010-12-26,2022-4-16
2656,23,2656,2011-8-8,2019-10-1
2657,43,2657,2011-11-24,2013-4-6
2658,37,2658,2010-7-16,2021-4-23
2659,88,2659,2011-6-19,2017-12-23
2660,68,2660,2011-7-26,2013-2-17
2661,29,2661,2011-11-12,2022-11-1
2662,64,2662,2011-7-13,2017-4-4
2663,33,2663,2011-2-27,2025-1-26
2664,83,2664,2010-5-1,2021-8-24
2665,65,2665,2011-12-2,2018-8-3
2666,8,2666,2011-2-26,2013-8-19
2667,95,2667,2010-2-1,2021-10-14
2668,46,2668,2010-3-6,2024-8-10
2669,37,2669,2010-3-26,2016-5-18
2670,48,2670,2011-2-23,2023-9-20
2671,52,2671,2011-12-1,2024-11-3
2672,50,2672,2010-1-27,2020-11-12
2673,60,2673,2011-8-11,2021-2-3
2674,78,2674,2011-6-11,2024-8-15
2675,51,2675,2011-3-22,2014-9-20
2676,58,2676,2011-11-13,2025-7-6
2677,41,2677,2010-2-28,2023-9-1
2678,70,2678,2011-9-27,2015-1-12
2679,86,2679,2010-6-8,2025-3-16
2680,78,2680,2010-5-25,2012-4-24
2681,98,2681,2010-1-18,2017-2-27
2682,20,2682,2011-1-16,2023-10-4
2683,91,2683,2010-8-22,2012-7-13
2684,94,2684,2010-1-9,2014-5-7
2685,100,2685,2010-9-8,2025-6-23
2686,97,2686,2010-8-18,2012-10-7
2687,26,2687,2011-3-3,2014-9-10
2688,18,2688,2010-11-16,2012-5-22
2689,5,2689,2010-9-9,2014-1-20
2690,80,2690,2010-7-1,2013-11-11
2691,28,2691,2010-3-22,2013-3-4
2692,99,2692,2011-10-16,2020-9-28
2693,50,2693,2010-5-25,2019-5-4
2694,22,2694,2010-5-4,2014-8-28
2695,71,2695,2010-12-21,2012-9-20
2696,77,2696,2010-11-24,2019-5-1
2697,8,2697,2010-4-13,2012-4-19
2698,37,2698,2011-8-25,2021-9-20
2699,3,2699,2010-9-18,2025-5-15
2700,63,2700,2011-2-14,2018-10-23
2701,87,2701,2010-2-27,2017-10-2
2702,70,2702,2010-1-9,2012-6-14
2703,54,2703,2010-12-28,2022-2-7
2704,72,2704,2011-3-8,2024-12-27
2705,73,2705,2011-7-9,2025-5-7
2706,23,2706,2011-3-15,2024-2-14
2707,95,2707,2010-3-11,2016-4-25
2708,37,2708,2011-5-9,2020-4-18
2709,80,2709,2010-1-14,2015-5-7
2710,72,2710,2011-1-5,2023-7-14
2711,20,2711,2011-4-12,2023-5-24
2712,79,2712,2010-7-9,2013-3-11
2713,2,2713,2010-3-4,2018-3-4
2714,21,2714,2011-12-2,2014-8-4
2715,92,2715,2010-9-18,2014-9-3
2716,66,2716,2011-7-2,2022-4-25
2717,57,2717,2011-2-21,2022-2-26
2718,88,2718,2011-10-27,2019-1-2
2719,29,2719,2011-5-1,2025-7-17
2720,47,2720,2011-10-6,2016-2-28
2721,21,2721,2011-12-23,2017-5-11
2722,37,2722,2011-2-20,2012-8-11
2723,28,2723,2011-9-25,2017-6-6
2724,77,2724,2011-7-12,2013-1-7
2725,98,2725,2010-6-26,2013-10-12
2726,68,2726,2010-11-19,2022-10-12
2727,8,2727,2011-10-4,2015-3-8
2728,25,2728,2010-12-10,2014-8-15
2729,6,2729,2010-11-6,2016-8-20
2730,81,2730,2011-12-23,2013-9-24
2731,42,2731,2010-9-22,2018-8-12
2732,97,2732,2010-5-18,2025-3-5
2733,29,2733,2010-4-13,2015-10-27
2734,85,2734,2011-1-28,2023-9-25
2735,85,2735,2011-5-4,2018-4-1
2736,55,2736,2011-4-26,2025-11-11
2737,3,2737,2011-12-7,2021-1-8
2738,97,2738,2011-4-20,2021-3-16
2739,18,2739,2010-9-28,2021-2-15
2740,85,2740,2010-8-21,2019-12-27
2741,9,2741,2010-10-9,2014-2-11
2742,43,2742,2011-6-17,2023-4-20
2743,88,2743,2010-5-9,2014-9-17
2744,15,2744,2010-10-18,2025-4-3
2745,62,2745,2010-7-9,2012-12-6
2746,83,2746,2011-8-21,2012-5-10
2747,60,2747,2011-2-12,2014-3-12
2748,94,2748,2010-5-22,2017-1-1
2749,86,2749,2010-10-2,2015-9-22
2750,72,2750,2011-4-27,2017-9-18
2751,10,2751,2010-3-6,2015-10-2
2752,42,2752,2011-9-2,2015-5-19
2753,30,2753,2010-12-25,2022-3-27
2754,64,2754,2010-12-9,2012-8-12
2755,2,2755,2010-5-12,2013-8-2
2756,76,2756,2011-5-12,2025-8-19
2757,77,2757,2010-1-17,2023-4-14
2758,26,2758,2010-1-12,2015-9-4
2759,41,2759,2010-6-23,2025-12-17
2760,31,2760,2010-9-22,2025-10-26
2761,80,2761,2010-6-17,2021-2-26
2762,79,2762,2010-3-5,2017-1-7
2763,62,2763,2010-5-28,2014-6-12
2764,45,2764,2011-7-26,2020-8-8
2765,34,2765,2011-10-17,2016-11-16
2766,17,2766,2011-4-20,2021-10-27
2767,92,2767,2010-3-27,2025-4-9
2768,52,2768,2011-8-14,2020-2-19
2769,10,2769,2010-2-21,2023-5-12
2770,11,2770,2011-1-11,2016-11-4
2771,85,2771,2010-5-16,2014-11-4
2772,71,2772,2011-3-19,2013-3-9
2773,94,2773,2011-4-25,2015-4-10
2774,41,2774,2011-1-21,2017-5-17
2775,90,2775,2011-1-6,2017-11-2
2776,3,2776,2010-9-23,2023-8-18
2777,88,2777,2011-5-25,2017-10-18
2778,78,2778,2011-1-17,2015-3-17
2779,100,2779,2011-10-14,2016-1-23
2780,3,2780,2010-7-13,2013-12-26
2781,88,2781,2011-2-10,2014-5-11
2782,84,2782,2010-4-10,2019-3-19
2783,50,2783,2011-5-4,2020-1-9
2784,55,2784,2011-5-4,2019-3-18
2785,95,2785,2010-8-4,2012-1-14
2786,45,2786,2011-11-24,2025-2-24
2787,92,2787,2010-2-25,2012-10-15
2788,100,2788,2010-4-9,2018-12-2
2789,4,2789,2011-2-4,2014-8-13
2790,80,2790,2011-7-18,2018-9-20
2791,14,2791,2010-1-1,2022-9-4
2792,39,2792,2011-8-13,2012-9-10
2793,16,2793,2011-4-13,2017-2-27
2794,92,2794,2011-1-9,2022-3-26
2795,99,2795,2011-11-6,2022-4-3
2796,28,2796,2010-5-3,2014-1-9
2797,26,2797,2011-5-20,2014-5-9
2798,46,2798,2011-12-17,2023-1-19
2799,96,2799,2010-7-7,2022-1-22
2800,2,2800,2010-12-26,2015-7-18
2801,21,2801,2010-1-14,2023-10-27
2802,34,2802,2011-8-25,2019-3-16
2803,94,2803,2011-3-15,2017-8-11
2804,18,2804,2010-5-13,2024-9-7
2805,22,2805,2010-9-19,2012-10-2
2806,21,2806,2011-6-27,2012-5-8
2807,95,2807,2010-8-4,2016-8-24
2808,28,2808,2010-7-21,2019-7-13
2809,7,2809,2011-10-9,2015-4-25
2810,58,2810,2011-8-4,2021-6-15
2811,6,2811,2010-1-2,2024-8-13
2812,42,2812,2010-4-15,2015-11-12
2813,4,2813,2011-9-26,2024-12-5
2814,92,2814,2011-2-1,2025-2-28
2815,35,2815,2011-7-7,2014-11-19
2816,36,2816,2011-7-10,2023-1-9
2817,47,2817,2011-6-11,2025-6-27
2818,93,2818,2011-4-14,2025-4-13
2819,100,2819,2010-9-10,2012-10-26
2820,15,2820,2011-12-1,2012-1-2
2821,47,2821,2011-1-9,2018-6-27
2822,97,2822,2011-11-8,2013-1-15
2823,62,2823,2010-1-26,2016-4-26
2824,27,2824,2010-7-26,2015-5-8
2825,45,2825,2011-1-7,2017-5-16
2826,50,2826,2011-3-23,2013-1-11
2827,38,2827,2011-6-18,2017-11-24
2828,94,2828,2010-4-26,2019-1-6
2829,87,2829,2011-9-12,2022-4-6
2830,47,2830,2011-10-15,2016-6-2
2831,12,2831,2010-6-4,2025-3-13
2832,30,2832,2011-10-28,2017-12-3
2833,49,2833,2011-12-21,2022-8-25
2834,49,2834,2010-9-16,2012-6-16
2835,14,2835,2011-3-24,2015-8-24
2836,44,2836,2011-6-16,2019-1-20
2837,54,2837,2010-9-15,2012-8-18
2838,22,2838,2011-11-26,2022-5-14
2839,20,2839,2010-5-24,2017-6-28
2840,86,2840,2010-3-17,2020-9-15
2841,34,2841,2010-6-27,2017-5-4
2842,88,2842,2011-3-4,2019-6-18
2843,43,2843,2011-1-16,2021-8-17
2844,78,2844,2011-2-21,2018-6-26
2845,67,2845,2010-3-6,2024-10-28
2846,59,2846,2011-9-11,2019-4-16
2847,78,2847,2011-11-7,2016-3-14
2848,68,2848,2011-5-10,2024-10-17
2849,94,2849,2010-1-25,2022-6-27
2850,5,2850,2011-6-8,2016-4-23
2851,75,2851,2010-8-24,2022-12-6
2852,52,2852,2011-10-2,2016-5-16
2853,79,2853,2011-2-1,2018-7-9
2854,94,2854,2011-12-14,2020-4-28
2855,55,2855,2010-1-16,2025-8-22
2856,33,2856,2010-8-8,2015-8-15
2857,89,2857,2011-6-28,2012-6-13
2858,78,2858,2010-1-27,2025-12-28
2859,71,2859,2010-4-6,2024-3-16
2860,6,2860,2010-1-24,2013-11-25
2861,5,2861,2010-1-2,2017-3-4
2862,2,2862,2011-11-17,2023-9-13
2863,39,2863,2010-7-14,2017-12-12
2864,11,2864,2010-3-17,2023-8-12
2865,65,2865,2010-2-3,2022-9-24
2866,89,2866,2011-6-20,2023-8-16
2867,32,2867,2010-2-5,2014-12-17
2868,94,2868,2011-7-13,2019-9-28
2869,53,2869,2010-6-3,2020-9-12
2870,60,2870,2011-2-28,2019-4-6
2871,89,2871,2011-2-1,2021-4-12
2872,17,2872,2011-4-19,2023-2-14
2873,14,2873,2010-4-18,2016-9-2
2874,5,2874,2011-5-7,2012-11-10
2875,2,2875,2010-1-23,2014-7-14
2876,8,2876,2011-9-28,2014-12-20
2877,76,2877,2011-6-24,2024-3-21
2878,4,2878,2010-7-3,2019-8-17
2879,95,2879,2010-12-24,2025-4-7
2880,7,2880,2011-8-20,2024-1-4
2881,33,2881,2011-6-4,2016-2-8
2882,33,2882,2011-11-13,2019-10-7
2883,94,2883,2010-1-21,2013-3-3
2884,57,2884,2010-9-26,2012-12-5
2885,43,2885,2010-11-22,2017-11-9
2886,64,2886,2011-2-15,2023-12-28
2887,2,2887,2011-3-16,2017-1-18
2888,38,2888,2011-3-25,2019-3-11
2889,62,2889,2010-12-3,2016-1-22
2890,95,2890,2010-7-18,2022-10-1
2891,61,2891,2011-2-16,2015-1-2
2892,54,2892,2011-10-27,2022-5-27
2893,88,2893,2010-4-16,2020-12-28
2894,10,2894,2011-1-19,2014-12-25
2895,97,2895,2011-8-18,2025-11-12
2896,74,2896,2010-5-12,2013-4-2
2897,11,2897,2011-12-18,2013-11-16
2898,37,2898,2010-8-18,2025-2-18
2899,40,2899,2011-11-19,2013-4-20
2900,31,2900,2010-2-28,2023-11-9
2901,1,2901,2010-9-2,2024-6-17
5901,51,5901,2011-2-16,2017-12-21
5902,68,5902,2011-7-3,2020-4-25
5903,21,5903,2011-6-18,2015-2-4
5904,38,5904,2010-1-5,2017-12-10
5905,43,5905,2010-5-1,2015-8-12
5906,55,5906,2010-12-5,2022-2-26
5907,81,5907,2011-12-16,2015-12-26
5908,9,5908,2010-3-2,2018-10-5
5909,79,5909,2010-11-10,2017-4-26
5910,58,5910,2011-1-18,2024-11-20
5911,71,5911,2010-8-26,2015-4-21
5912,93,5912,2010-2-8,2017-12-5
5913,57,5913,2010-3-27,2022-9-1
5914,2,5914,2011-6-14,2019-1-8
5915,17,5915,2010-3-26,2020-3-10
5916,84,5916,2011-4-8,2021-4-25
5917,77,5917,2010-10-19,2021-2-14
5918,55,5918,2010-3-15,2017-5-7
5919,19,5919,2011-11-28,2016-8-10
5920,88,5920,2010-10-18,2021-1-17
5921,37,5921,2010-8-13,2023-9-3
5922,18,5922,2010-9-3,2024-6-14
5923,10,5923,2011-9-10,2015-2-28
5924,18,5924,2010-9-12,2019-9-20
5925,38,5925,2011-2-27,2017-12-23
5926,30,5926,2011-11-6,2023-3-1
5927,97,5927,2010-1-25,2020-2-12
5928,66,5928,2011-4-25,2025-3-5
5929,17,5929,2010-5-16,2018-9-5
5930,98,5930,2011-10-17,2016-8-12
5931,49,5931,2011-7-12,2023-7-7
5932,45,5932,2011-2-16,2018-8-6
5933,25,5933,2011-11-28,2015-7-28
5934,17,5934,2010-9-15,2022-12-14
5935,50,5935,2010-5-18,2023-1-26
5936,19,5936,2011-11-28,2016-12-16
5937,34,5937,2010-7-22,2017-10-3
5938,29,5938,2011-5-26,2019-4-8
5939,93,5939,2010-9-22,2020-12-8
5940,86,5940,2011-4-23,2017-3-2
5941,28,5941,2010-9-21,2017-7-15
5942,10,5942,2010-6-11,2016-2-17
5943,1,5943,2011-5-18,2025-9-6
5944,10,5944,2010-2-3,2015-3-6
5945,61,5945,2011-6-26,2022-12-11
5946,42,5946,2010-9-28,2018-9-4
5947,86,5947,2010-1-5,2025-7-17
5948,65,5948,2010-2-11,2016-6-2
5949,97,5949,2011-6-3,2025-1-20
5950,95,5950,2010-11-1,2020-2-2
5951,59,5951,2011-1-4,2015-10-28
5952,67,5952,2011-2-1,2018-6-4
5953,34,5953,2011-3-18,2025-5-3
5954,49,5954,2011-7-18,2022-3-14
5955,86,5955,2010-8-2,2016-2-10
5956,80,5956,2010-10-4,2023-10-18
5957,98,5957,2011-11-18,2016-10-2
5958,78,5958,2011-11-11,2025-12-23
5959,19,5959,2011-11-8,2015-5-28
5960,77,5960,2011-10-2,2023-2-27
5961,86,5961,2011-10-23,2021-11-9
5962,52,5962,2010-6-11,2018-1-14
5963,52,5963,2011-3-10,2022-2-11
5964,83,5964,2011-10-25,2022-4-3
5965,57,5965,2011-1-7,2017-12-14
5966,15,5966,2011-9-17,2022-3-16
5967,18,5967,2011-8-13,2021-3-28
5968,100,5968,2010-3-11,2025-7-11
5969,28,5969,2010-1-9,2021-4-6
5970,17,5970,2010-2-4,2020-10-10
5971,26,5971,2010-12-19,2015-9-13
5972,77,5972,2010-6-10,2018-2-14
5973,28,5973,2010-3-7,2025-2-20
5974,53,5974,2010-8-24,2023-5-2
5975,70,5975,2010-2-2,2018-4-9
5976,51,5976,2011-6-25,2015-2-9
5977,61,5977,2010-3-2,2019-4-1
5978,14,5978,2010-6-12,2016-7-15
5979,72,5979,2010-9-2,2019-6-14
5980,80,5980,2010-6-16,2025-6-24
5981,90,5981,2011-5-6,2015-10-15
5982,5,5982,2010-9-11,2023-4-14
5983,94,5983,2010-4-14,2018-12-10
5984,49,5984,2010-7-15,2025-8-12
5985,23,5985,2010-7-1,2016-12-4
5986,79,5986,2010-2-3,2021-3-15
5987,28,5987,2011-11-19,2021-10-18
5988,71,5988,2011-1-24,2016-6-6
5989,15,5989,2011-4-1,2025-4-5
5990,57,5990,2011-7-5,2019-12-28
5991,88,5991,2011-11-12,2016-1-19
5992,78,5992,2010-10-13,2022-4-17
5993,90,5993,2011-3-11,2021-3-14
5994,4,5994,2011-2-18,2016-10-6
5995,61,5995,2010-5-10,2017-12-15
5996,53,5996,2011-9-3,2021-3-25
5997,30,5997,2010-11-24,2018-2-20
5998,58,5998,2011-5-25,2020-4-9
5999,52,5999,2010-4-18,2015-7-8
