id_contrat,id_agent,id_comedien,date_debut,date_fin
3000,64,3000,2010-10-24,2017-12-4
3001,28,3001,2011-5-1,2017-7-17
3002,56,3002,2010-2-5,2018-5-28
3003,39,3003,2011-9-11,2022-10-28
3004,61,3004,2010-7-1,2024-4-11
3005,64,3005,2010-5-19,2023-8-22
3006,97,3006,2011-9-23,2017-10-5
3007,73,3007,2010-9-8,2020-5-1
3008,46,3008,2011-5-7,2019-2-7
3009,74,3009,2011-10-24,2024-9-19
3010,5,3010,2011-11-24,2024-8-10
3011,82,3011,2011-11-11,2022-11-27
3012,46,3012,2011-2-20,2017-12-13
3013,70,3013,2011-7-21,2023-10-27
3014,35,3014,2010-1-23,2023-1-6
3015,28,3015,2011-11-21,2018-11-14
3016,43,3016,2011-10-25,2022-5-19
3017,85,3017,2011-11-23,2024-7-23
3018,65,3018,2011-12-19,2017-9-9
3019,7,3019,2011-1-16,2016-1-14
3020,49,3020,2010-10-19,2019-1-16
3021,47,3021,2010-9-1,2022-11-7
3022,52,3022,2010-1-12,2016-7-8
3023,71,3023,2011-12-6,2021-1-3
3024,19,3024,2011-7-20,2025-2-3
3025,71,3025,2011-4-26,2024-7-22
3026,16,3026,2011-7-25,2022-1-18
3027,56,3027,2011-10-10,2020-12-19
3028,51,3028,2011-2-2,2025-9-14
3029,94,3029,2010-12-26,2025-6-15
3030,2,3030,2011-3-18,2021-1-6
3031,69,3031,2011-1-14,2018-5-26
3032,60,3032,2011-9-26,2023-10-19
3033,94,3033,2011-2-10,2023-12-24
3034,80,3034,2011-3-4,2023-1-2
3035,62,3035,2011-11-24,2022-8-10
3036,20,3036,2010-9-8,2025-8-12
3037,88,3037,2010-5-6,2020-3-24
3038,32,3038,2010-5-13,2023-8-25
3039,58,3039,2011-10-12,2016-4-6
3040,16,3040,2010-1-9,2016-11-4
3041,21,3041,2011-12-2,2022-9-20
3042,14,3042,2011-3-3,2022-6-4
3043,17,3043,2011-5-5,2017-12-20
3044,53,3044,2011-11-13,2022-1-20
3045,71,3045,2011-9-21,2017-4-12
3046,11,3046,2010-5-27,2023-5-14
3047,90,3047,2011-5-8,2016-5-15
3048,17,3048,2010-1-4,2022-3-12
3049,28,3049,2011-4-20,2025-10-9
3050,86,3050,2011-10-7,2022-1-17
3051,68,3051,2010-12-24,2015-2-16
3052,17,3052,2011-2-11,2024-3-18
3053,54,3053,2010-10-9,2021-11-20
3054,58,3054,2011-10-22,2016-1-18
3055,53,3055,2010-5-5,2023-6-7
3056,97,3056,2010-3-2,2016-11-17
3057,54,3057,2011-9-24,2015-4-1
3058,29,3058,2010-6-7,2017-5-18
3059,18,3059,2011-12-26,2023-2-18
3060,46,3060,2010-11-10,2022-10-25
3061,3,3061,2010-11-10,2018-2-5
3062,96,3062,2011-9-7,2020-6-8
3063,33,3063,2011-5-20,2017-3-3
3064,41,3064,2011-12-1,2023-8-12
3065,9,3065,2010-12-15,2021-3-13
3066,20,3066,2010-10-21,2018-5-17
3067,60,3067,2011-10-13,2024-11-7
3068,17,3068,2011-7-20,2025-4-13
3069,82,3069,2010-4-16,2024-12-21
3070,55,3070,2010-8-6,2016-1-23
3071,69,3071,2010-5-18,2021-10-1
3072,28,3072,2010-2-22,2018-7-19
3073,37,3073,2010-5-17,2024-11-7
3074,86,3074,2010-6-10,2015-8-1
3075,1,3075,2010-10-18,2020-9-6
3076,59,3076,2010-5-28,2020-7-25
3077,74,3077,2010-3-14,2023-9-18
3078,49,3078,2011-8-26,2019-11-17
3079,32,3079,2011-6-25,2022-10-2
3080,89,3080,2011-12-6,2015-3-8
3081,54,3081,2011-11-28,2019-8-14
3082,34,3082,2011-1-19,2022-4-24
3083,4,3083,2010-4-13,2016-10-7
3084,56,3084,2010-11-28,2020-6-3
3085,58,3085,2011-12-23,2018-12-15
3086,86,3086,2010-11-2,2018-11-6
3087,32,3087,2010-1-24,2018-12-9
3088,12,3088,2011-12-7,2024-5-3
3089,41,3089,2010-10-9,2020-6-26
3090,4,3090,2011-6-7,2024-6-10
3091,96,3091,2010-3-10,2024-7-22
3092,87,3092,2011-6-22,2021-4-14
3093,61,3093,2011-1-23,2021-11-16
3094,26,3094,2010-5-5,2022-4-2
3095,28,3095,2010-8-18,2015-9-8
3096,17,3096,2010-2-4,2017-8-21
3097,78,3097,2010-8-23,2023-8-10
3098,79,3098,2010-11-2,2020-4-4
3099,34,3099,2010-12-22,2020-7-22
3100,54,3100,2010-4-17,2025-11-18
3101,76,3101,2011-12-15,2024-6-28
3102,83,3102,2010-5-7,2025-5-26
3103,14,3103,2010-2-8,2015-2-27
3104,67,3104,2011-8-7,2018-4-4
3105,27,3105,2010-8-16,2020-11-5
3106,19,3106,2011-10-18,2019-9-11
3107,85,3107,2011-12-2,2017-8-13
3108,44,3108,2011-2-4,2017-1-9
3109,66,3109,2010-1-1,2022-9-23
3110,100,3110,2010-2-6,2025-12-7
3111,36,3111,2011-2-19,2016-7-26
3112,43,3112,2011-8-21,2019-4-11
3113,59,3113,2011-11-5,2017-8-14
3114,58,3114,2010-4-16,2025-10-20
3115,43,3115,2010-11-20,2024-5-13
3116,19,3116,2011-4-1,2025-9-7
3117,18,3117,2011-4-17,2015-12-3
3118,45,3118,2011-8-7,2015-12-6
3119,19,3119,2011-10-19,2019-6-13
3120,21,3120,2010-5-13,2021-1-25
3121,70,3121,2010-1-6,2016-12-5
3122,32,3122,2010-12-22,2023-9-28
3123,40,3123,2011-12-1,2022-4-17
3124,43,3124,2011-5-3,2021-6-28
3125,7,3125,2010-7-12,2015-2-12
3126,86,3126,2010-3-19,2016-9-22
3127,51,3127,2011-12-27,2016-10-25
3128,30,3128,2011-2-24,2025-12-26
3129,34,3129,2011-5-10,2021-2-26
3130,81,3130,2010-11-10,2018-11-25
3131,97,3131,2011-8-17,2022-5-28
3132,99,3132,2011-5-3,2021-1-23
3133,57,3133,2011-1-5,2016-11-17
3134,95,3134,2010-5-2,2022-5-22
3135,89,3135,2010-6-10,2015-8-12
3136,74,3136,2010-6-12,2015-3-12
3137,52,3137,2010-7-3,2016-4-20
3138,47,3138,2010-2-1,2021-8-28
3139,66,3139,2010-10-19,2023-7-11
3140,1,3140,2011-3-3,2025-3-7
3141,27,3141,2010-10-26,2022-5-3
3142,69,3142,2010-12-11,2025-5-23
3143,20,3143,2011-9-3,2015-5-15
3144,49,3144,2010-1-12,2017-4-9
3145,7,3145,2010-1-23,2020-1-13
3146,13,3146,2011-11-24,2020-11-20
3147,23,3147,2011-12-18,2018-9-2
3148,6,3148,2011-6-21,2015-10-21
3149,6,3149,2011-7-16,2020-3-27
3150,63,3150,2011-12-15,2018-3-22
3151,6,3151,2011-8-19,2020-11-2
3152,80,3152,2011-4-7,2020-8-24
3153,13,3153,2011-11-24,2020-4-3
3154,84,3154,2010-5-20,2019-9-15
3155,43,3155,2010-11-6,2017-1-2
3156,19,3156,2011-1-22,2023-1-23
3157,96,3157,2011-4-2,2025-7-18
3158,46,3158,2010-3-28,2023-2-1
3159,16,3159,2010-7-5,2020-2-25
3160,18,3160,2011-4-15,2024-1-3
3161,92,3161,2010-7-14,2019-6-25
3162,9,3162,2011-9-10,2016-12-25
3163,68,3163,2011-10-3,2022-4-3
3164,16,3164,2011-12-20,2015-1-16
3165,35,3165,2011-5-12,2024-12-20
3166,2,3166,2011-2-6,2021-11-2
3167,8,3167,2011-2-5,2023-9-27
3168,78,3168,2011-12-18,2020-9-4
3169,63,3169,2010-8-4,2018-9-23
3170,55,3170,2011-5-6,2021-12-13
3171,41,3171,2011-3-18,2016-5-17
3172,95,3172,2010-12-23,2025-10-11
3173,96,3173,2010-12-19,2023-3-25
3174,86,3174,2011-7-26,2016-8-16
3175,92,3175,2011-11-12,2023-12-6
3176,49,3176,2010-11-25,2015-7-21
3177,18,3177,2011-9-23,2021-12-18
3178,20,3178,2011-4-19,2019-8-14
3179,10,3179,2010-10-7,2015-5-2
3180,4,3180,2011-8-24,2021-12-14
3181,7,3181,2010-9-22,2018-3-16
3182,90,3182,2010-6-10,2022-5-22
3183,12,3183,2011-2-9,2021-12-8
3184,18,3184,2011-3-26,2021-5-21
3185,88,3185,2010-3-13,2017-12-21
3186,44,3186,2011-10-13,2019-10-3
3187,62,3187,2011-11-23,2017-1-11
3188,89,3188,2010-4-23,2025-11-4
3189,68,3189,2011-4-27,2024-11-8
3190,60,3190,2011-7-21,2025-11-6
3191,78,3191,2011-3-10,2015-5-2
3192,15,3192,2010-11-15,2017-7-16
3193,32,3193,2010-9-14,2025-12-24
3194,15,3194,2010-10-18,2025-2-22
3195,15,3195,2011-4-26,2022-5-19
3196,69,3196,2010-12-14,2021-10-16
3197,86,3197,2010-3-14,2024-10-21
3198,1,3198,2011-3-13,2018-8-1
3199,95,3199,2011-6-5,2020-8-17
3200,74,3200,2011-7-21,2024-9-11
3201,16,3201,2011-12-4,2019-6-27
3202,32,3202,2011-9-13,2023-9-26
3203,53,3203,2011-8-4,2018-8-24
3204,88,3204,2011-3-13,2022-8-23
3205,41,3205,2011-4-28,2023-6-26
3206,86,3206,2011-12-8,2015-9-21
3207,87,3207,2010-12-6,2025-9-24
3208,4,3208,2010-7-15,2021-10-13
3209,66,3209,2011-2-18,2019-11-5
3210,89,3210,2011-5-20,2024-3-6
3211,100,3211,2011-4-21,2018-7-19
3212,88,3212,2010-9-5,2021-1-4
3213,14,3213,2011-11-10,2024-1-13
3214,67,3214,2011-12-10,2019-4-2
3215,5,3215,2011-7-17,2023-6-19
3216,23,3216,2011-11-7,2024-1-9
3217,31,3217,2010-8-16,2019-9-18
3218,5,3218,2011-5-3,2022-6-23
3219,37,3219,2010-8-9,2018-10-17
3220,75,3220,2011-5-13,2021-8-7
3221,78,3221,2010-2-6,2016-1-7
3222,25,3222,2011-1-10,2019-4-21
3223,86,3223,2010-9-18,2016-11-27
3224,98,3224,2010-7-11,2025-4-6
3225,9,3225,2010-2-21,2020-5-11
3226,46,3226,2010-7-3,2018-5-9
3227,10,3227,2010-11-18,2024-12-4
3228,86,3228,2010-6-21,2018-10-4
3229,91,3229,2010-5-28,2022-4-11
3230,86,3230,2010-12-12,2019-2-5
3231,26,3231,2011-7-18,2018-7-21
3232,73,3232,2011-2-16,2025-1-8
3233,16,3233,2010-10-8,2025-12-9
3234,94,3234,2010-1-18,2024-2-9
3235,41,3235,2010-11-19,2015-1-3
3236,96,3236,2011-9-7,2015-7-10
3237,91,3237,2010-12-13,2022-3-12
3238,71,3238,2010-12-6,2022-11-17
3239,98,3239,2010-4-24,2018-3-16
3240,52,3240,2011-11-2,2024-12-13
3241,91,3241,2010-12-6,2020-3-22
3242,90,3242,2011-10-27,2015-6-2
3243,15,3243,2011-9-22,2017-7-28
3244,3,3244,2011-6-9,2025-9-10
3245,6,3245,2011-7-26,2020-5-9
3246,30,3246,2010-5-17,2017-5-22
3247,4,3247,2011-3-9,2018-12-25
3248,37,3248,2010-9-22,2022-11-25
3249,57,3249,2011-8-13,2023-11-7
3250,64,3250,2010-4-8,2015-7-12
3251,59,3251,2010-10-17,2018-1-8
3252,98,3252,2011-1-4,2025-1-20
3253,2,3253,2010-11-22,2024-11-26
3254,68,3254,2010-4-7,2016-4-14
3255,8,3255,2010-12-7,2019-8-9
3256,1,3256,2011-10-14,2021-6-4
3257,67,3257,2010-8-8,2015-3-9
3258,83,3258,2010-12-20,2020-1-5
3259,70,3259,2011-7-12,2020-1-20
3260,6,3260,2010-9-27,2025-10-27
3261,62,3261,2011-11-12,2025-4-12
3262,19,3262,2011-11-23,2020-10-27
3263,89,3263,2010-2-21,2016-1-7
3264,87,3264,2011-8-21,2022-3-25
3265,100,3265,2010-3-23,2023-12-5
3266,64,3266,2010-11-24,2017-1-26
3267,82,3267,2011-6-22,2023-2-11
3268,27,3268,2011-6-3,2022-1-9
3269,38,3269,2011-4-6,2016-2-13
3270,52,3270,2011-11-25,2021-10-13
3271,3,3271,2010-10-26,2019-7-2
3272,63,3272,2010-3-5,2025-7-25
3273,85,3273,2011-5-15,2021-1-3
3274,84,3274,2010-6-8,2025-2-8
3275,17,3275,2010-3-4,2020-1-1
3276,91,3276,2010-12-7,2020-11-15
3277,62,3277,2011-9-24,2022-10-3
3278,55,3278,2010-12-14,2019-9-11
3279,51,3279,2010-10-21,2021-11-20
3280,7,3280,2010-8-12,2022-10-10
3281,14,3281,2010-1-8,2018-1-10
3282,94,3282,2011-8-24,2018-4-2
3283,69,3283,2010-2-25,2023-8-24
3284,55,3284,2010-5-13,2023-10-15
3285,97,3285,2011-1-23,2017-4-25
3286,67,3286,2010-1-22,2019-5-16
3287,82,3287,2011-9-1,2020-4-17
3288,77,3288,2010-7-10,2020-1-11
3289,7,3289,2011-9-20,2022-7-15
3290,90,3290,2010-4-24,2015-10-11
3291,88,3291,2010-9-15,2016-5-12
3292,46,3292,2010-2-3,2023-9-22
3293,60,3293,2011-12-18,2018-11-19
3294,3,3294,2011-6-14,2015-8-27
3295,88,3295,2011-2-10,2016-10-4
3296,16,3296,2010-12-28,2015-8-14
3297,78,3297,2011-7-13,2023-3-28
3298,58,3298,2010-6-17,2015-1-13
3299,89,3299,2011-3-12,2022-7-27
3300,7,3300,2011-8-15,2019-6-13
3301,51,3301,2011-4-17,2025-5-28
3302,27,3302,2010-11-21,2016-8-1
3303,69,3303,2010-2-10,2017-2-21
3304,30,3304,2010-5-20,2015-10-27
3305,89,3305,2011-9-18,2022-6-3
3306,24,3306,2011-11-21,2018-8-4
3307,73,3307,2010-2-11,2024-5-22
3308,86,3308,2011-6-5,2025-10-11
3309,85,3309,2011-3-10,2020-2-23
3310,26,3310,2011-2-6,2022-12-15
3311,94,3311,2011-12-11,2018-7-27
3312,62,3312,2011-9-8,2015-2-20
3313,5,3313,2011-12-17,2020-11-14
3314,80,3314,2011-12-16,2024-3-2
3315,30,3315,2010-5-4,2025-6-18
3316,5,3316,2011-12-23,2017-3-21
3317,2,3317,2010-12-8,2025-2-12
3318,3,3318,2011-9-1,2017-7-7
3319,91,3319,2011-10-1,2023-9-27
3320,46,3320,2010-2-15,2025-7-14
3321,16,3321,2011-11-25,2017-11-14
3322,29,3322,2010-1-7,2021-10-26
3323,9,3323,2011-8-9,2021-9-10
3324,11,3324,2010-8-5,2019-3-9
3325,97,3325,2010-11-5,2022-4-17
3326,74,3326,2010-8-9,2020-8-14
3327,93,3327,2010-9-18,2022-5-17
3328,50,3328,2010-11-25,2016-11-8
3329,27,3329,2011-9-12,2022-2-11
3330,3,3330,2010-8-14,2020-1-9
3331,48,3331,2011-10-28,2022-4-17
3332,72,3332,2011-1-21,2018-3-17
3333,45,3333,2010-4-16,2022-11-10
3334,81,3334,2010-3-24,2018-1-15
3335,90,3335,2011-7-2,2020-3-22
3336,4,3336,2010-10-22,2015-3-13
3337,3,3337,2011-11-9,2017-5-13
3338,60,3338,2010-8-13,2021-11-20
3339,84,3339,2010-3-8,2021-5-13
3340,63,3340,2010-6-4,2016-3-4
3341,54,3341,2011-10-21,2021-5-28
3342,40,3342,2010-8-8,2020-2-14
3343,37,3343,2010-11-28,2020-11-22
3344,48,3344,2011-3-5,2017-11-1
3345,76,3345,2011-11-19,2018-11-1
3346,33,3346,2010-10-4,2018-4-27
3347,22,3347,2010-1-16,2020-1-17
3348,28,3348,2011-7-15,2024-8-4
3349,98,3349,2010-5-7,2018-1-25
3350,94,3350,2010-12-25,2025-2-19
3351,84,3351,2011-3-16,2023-4-5
3352,49,3352,2011-8-14,2021-11-27
3353,98,3353,2010-6-20,2015-3-21
3354,86,3354,2011-11-13,2021-9-19
3355,69,3355,2010-12-23,2018-6-13
3356,67,3356,2011-7-25,2024-3-17
3357,92,3357,2010-8-21,2023-8-11
3358,84,3358,2011-5-1,2018-2-4
3359,75,3359,2011-8-7,2025-1-4
3360,19,3360,2010-2-8,2018-1-6
3361,22,3361,2011-7-8,2016-1-15
3362,66,3362,2011-10-20,2017-10-6
3363,41,3363,2011-10-11,2020-6-5
3364,22,3364,2010-12-20,2019-9-28
3365,51,3365,2011-10-8,2017-9-21
3366,85,3366,2010-10-4,2018-9-7
3367,87,3367,2011-2-1,2021-12-5
3368,59,3368,2010-7-1,2015-3-27
3369,55,3369,2010-11-16,2019-12-4
3370,83,3370,2010-3-24,2018-1-24
3371,69,3371,2010-7-8,2017-3-22
3372,38,3372,2010-5-20,2017-10-5
3373,11,3373,2011-8-3,2017-12-7
3374,20,3374,2011-6-4,2018-10-8
3375,25,3375,2010-11-4,2018-6-7
3376,57,3376,2011-10-21,2022-5-21
3377,65,3377,2011-9-18,2018-11-10
3378,96,3378,2011-2-9,2024-1-4
3379,29,3379,2010-5-27,2017-3-15
3380,24,3380,2011-4-21,2021-4-20
3381,9,3381,2010-4-8,2019-8-23
3382,87,3382,2011-1-6,2019-12-20
3383,37,3383,2010-10-7,2023-3-13
3384,52,3384,2011-4-3,2017-2-11
3385,36,3385,2010-11-15,2021-8-28
3386,50,3386,2010-9-7,2021-4-6
3387,20,3387,2010-3-17,2025-11-24
3388,84,3388,2010-8-10,2019-1-22
3389,96,3389,2011-5-13,2022-9-28
3390,21,3390,2011-7-8,2016-3-4
3391,59,3391,2010-2-10,2016-6-3
3392,89,3392,2011-9-21,2023-4-28
3393,100,3393,2010-1-7,2015-5-26
3394,87,3394,2011-8-7,2025-2-14
3395,13,3395,2010-12-13,2021-2-22
3396,77,3396,2011-5-13,2021-9-26
3397,7,3397,2011-3-23,2022-10-24
3398,63,3398,2011-8-17,2024-5-24
3399,60,3399,2011-7-16,2021-4-13
3400,98,3400,2011-4-19,2021-2-10
3401,90,3401,2011-9-11,2021-4-14
3402,20,3402,2011-8-5,2025-2-17
3403,34,3403,2011-8-17,2017-8-10
3404,43,3404,2010-12-10,2019-4-23
3405,45,3405,2010-12-28,2021-6-25
3406,57,3406,2010-5-23,2021-9-18
3407,19,3407,2010-4-19,2023-3-24
3408,17,3408,2010-4-5,2022-7-26
3409,33,3409,2010-3-25,2021-9-12
3410,31,3410,2011-9-16,2018-6-2
3411,77,3411,2010-11-8,2015-1-12
3412,64,3412,2010-6-20,2022-1-4
3413,14,3413,2010-4-16,2020-12-16
3414,24,3414,2011-5-26,2024-8-26
3415,33,3415,2011-8-4,2018-12-8
3416,46,3416,2011-9-23,2024-7-2
3417,7,3417,2011-4-27,2017-5-28
3418,80,3418,2011-5-24,2023-3-8
3419,52,3419,2010-5-27,2016-6-8
3420,85,3420,2010-12-7,2018-2-15
3421,61,3421,2011-6-10,2020-8-21
3422,54,3422,2010-9-15,2016-9-18
3423,79,3423,2010-6-4,2015-3-1
3424,59,3424,2011-1-25,2016-7-2
3425,29,3425,2010-3-15,2021-12-5
3426,38,3426,2011-9-23,2024-6-10
3427,52,3427,2010-9-14,2022-2-12
3428,4,3428,2011-3-23,2022-3-10
3429,47,3429,2011-12-21,2025-11-23
3430,39,3430,2011-5-19,2021-11-3
3431,19,3431,2011-6-23,2021-12-15
3432,90,3432,2010-5-19,2022-6-27
3433,54,3433,2010-10-11,2024-12-5
3434,93,3434,2011-1-2,2019-8-19
3435,65,3435,2011-1-16,2017-4-15
3436,59,3436,2010-10-8,2022-9-22
3437,32,3437,2011-11-28,2022-4-28
3438,77,3438,2011-2-18,2017-2-16
3439,71,3439,2010-6-14,2023-10-10
3440,90,3440,2011-2-17,2020-9-13
3441,83,3441,2010-4-12,2015-2-20
3442,85,3442,2011-9-10,2021-12-12
3443,95,3443,2010-3-1,2016-11-20
3444,70,3444,2011-10-18,2019-5-3
3445,99,3445,2011-11-17,2022-5-20
3446,13,3446,2011-9-14,2019-3-8
3447,75,3447,2011-1-10,2016-8-7
3448,3,3448,2011-11-22,2019-4-15
3449,32,3449,2011-4-1,2022-11-6
3450,77,3450,2011-9-9,2020-11-14
3451,73,3451,2011-8-9,2024-2-16
3452,36,3452,2010-11-2,2015-4-14
3453,33,3453,2010-6-8,2015-3-11
3454,58,3454,2010-4-11,2023-4-8
3455,79,3455,2011-8-4,2022-11-7
3456,41,3456,2010-9-4,2024-12-18
3457,52,3457,2010-10-10,2023-3-28
3458,77,3458,2010-2-6,2025-3-2
3459,68,3459,2011-9-25,2021-12-5
3460,34,3460,2010-6-13,2024-9-6
3461,58,3461,2010-7-8,2020-11-27
3462,37,3462,2011-3-26,2018-12-1
3463,68,3463,2011-6-6,2015-5-25
3464,46,3464,2011-9-3,2019-1-21
3465,49,3465,2011-4-19,2018-9-8
3466,60,3466,2011-9-1,2018-5-15
3467,76,3467,2010-1-17,2018-8-13
3468,29,3468,2011-7-28,2020-10-6
3469,93,3469,2010-9-14,2016-3-18
3470,22,3470,2011-9-16,2017-12-13
3471,98,3471,2010-6-20,2024-5-19
3472,39,3472,2010-7-27,2016-4-26
3473,94,3473,2011-6-1,2016-4-17
3474,69,3474,2011-6-11,2024-9-27
3475,71,3475,2010-7-7,2024-1-21
3476,93,3476,2010-11-12,2015-2-10
3477,27,3477,2010-4-27,2020-9-11
3478,77,3478,2010-9-2,2018-10-11
3479,26,3479,2011-8-22,2024-2-21
3480,99,3480,2011-9-11,2024-8-26
3481,6,3481,2010-1-2,2024-6-1
3482,31,3482,2011-1-9,2020-9-18
3483,76,3483,2011-6-3,2024-11-27
3484,64,3484,2010-4-21,2020-8-20
3485,40,3485,2011-12-18,2023-11-1
3486,39,3486,2011-8-14,2015-4-20
3487,46,3487,2011-5-23,2017-6-9
3488,78,3488,2011-1-15,2021-8-5
3489,61,3489,2010-1-26,2023-9-18
3490,18,3490,2010-11-4,2021-8-11
3491,32,3491,2011-11-7,2022-5-22
3492,14,3492,2011-5-19,2025-9-21
3493,75,3493,2010-11-2,2019-9-17
3494,76,3494,2011-5-25,2017-11-17
3495,58,3495,2010-2-19,2022-5-6
3496,51,3496,2011-7-19,2017-1-20
3497,50,3497,2010-3-7,2025-1-24
3498,69,3498,2011-6-25,2020-3-6
3499,65,3499,2011-8-4,2019-10-15
3500,17,3500,2011-1-15,2016-3-21
3501,79,3501,2011-2-22,2018-5-6
3502,47,3502,2011-8-7,2025-2-14
3503,22,3503,2010-2-28,2019-2-9
3504,12,3504,2011-8-6,2021-6-25
3505,15,3505,2011-12-14,2019-9-19
3506,32,3506,2011-12-6,2023-3-11
3507,55,3507,2010-12-11,2016-8-15
3508,60,3508,2010-11-18,2021-5-6
3509,50,3509,2010-5-18,2023-7-18
3510,48,3510,2011-7-27,2023-9-6
3511,4,3511,2010-4-17,2015-12-28
3512,73,3512,2010-4-8,2016-10-14
3513,62,3513,2011-7-2,2020-2-27
3514,9,3514,2010-11-28,2021-8-7
3515,7,3515,2010-9-2,2017-12-28
3516,80,3516,2011-4-23,2017-11-24
3517,29,3517,2011-5-13,2019-2-2
3518,31,3518,2011-3-6,2015-4-26
3519,31,3519,2011-12-20,2024-10-1
3520,4,3520,2010-2-17,2019-5-9
3521,73,3521,2010-11-21,2015-7-19
3522,6,3522,2011-11-8,2022-6-14
3523,13,3523,2011-7-2,2025-4-11
3524,67,3524,2011-5-22,2015-6-18
3525,80,3525,2010-6-18,2020-7-14
3526,84,3526,2010-12-5,2018-11-6
3527,49,3527,2011-1-18,2023-3-16
3528,3,3528,2010-11-20,2024-2-20
3529,37,3529,2011-10-10,2015-8-13
3530,86,3530,2011-4-9,2016-12-13
3531,92,3531,2011-8-24,2015-5-24
3532,58,3532,2011-4-20,2020-1-7
3533,81,3533,2010-10-19,2020-12-2
3534,36,3534,2010-6-26,2024-5-7
3535,90,3535,2010-6-16,2021-1-17
3536,77,3536,2011-2-28,2021-4-14
3537,69,3537,2010-11-14,2016-8-19
3538,30,3538,2010-11-14,2019-11-20
3539,8,3539,2010-4-16,2019-5-14
3540,80,3540,2010-9-19,2019-12-17
3541,35,3541,2010-9-5,2021-4-26
3542,46,3542,2010-1-4,2019-9-10
3543,66,3543,2010-5-20,2020-12-19
3544,15,3544,2010-4-18,2023-11-24
3545,61,3545,2011-5-5,2023-12-5
3546,91,3546,2011-10-15,2017-7-22
3547,98,3547,2010-10-27,2016-2-7
3548,37,3548,2010-8-21,2024-2-5
3549,16,3549,2011-11-21,2023-8-26
3550,12,3550,2011-2-22,2020-12-18
3551,100,3551,2010-10-24,2015-5-18
3552,11,3552,2010-2-5,2023-8-21
3553,42,3553,2011-4-15,2021-6-24
3554,21,3554,2010-1-14,2019-2-9
3555,67,3555,2010-4-8,2018-5-16
3556,33,3556,2011-12-25,2021-8-11
3557,17,3557,2010-6-13,2018-3-11
3558,3,3558,2011-11-13,2022-5-4
3559,84,3559,2011-5-20,2023-8-22
3560,14,3560,2011-12-24,2023-6-25
3561,28,3561,2011-10-26,2022-12-23
3562,77,3562,2010-4-15,2020-1-4
3563,94,3563,2010-2-24,2015-7-21
3564,30,3564,2010-1-12,2016-9-10
3565,38,3565,2011-9-25,2017-5-7
3566,48,3566,2010-4-10,2023-4-12
3567,64,3567,2010-8-27,2025-6-24
3568,86,3568,2010-3-7,2018-3-22
3569,7,3569,2010-1-7,2019-5-18
3570,22,3570,2011-4-12,2018-10-22
3571,29,3571,2011-8-23,2022-2-11
3572,13,3572,2011-4-24,2018-12-21
3573,32,3573,2011-1-3,2021-10-5
3574,41,3574,2011-10-1,2016-6-9
3575,4,3575,2010-12-17,2019-9-23
3576,44,3576,2011-9-26,2020-8-10
3577,99,3577,2010-12-7,2017-2-22
3578,85,3578,2011-9-28,2019-9-10
3579,52,3579,2011-7-4,2015-4-16
3580,92,3580,2010-5-25,2016-3-16
3581,76,3581,2011-3-1,2016-4-21
3582,55,3582,2010-8-6,2020-4-20
3583,28,3583,2010-9-23,2018-1-18
3584,45,3584,2010-2-18,2019-4-17
3585,47,3585,2010-5-21,2024-2-2
3586,14,3586,2010-12-5,2020-6-1
3587,28,3587,2011-10-19,2021-2-20
3588,52,3588,2011-2-7,2016-2-17
3589,23,3589,2011-9-4,2021-8-28
3590,88,3590,2011-3-5,2022-4-19
3591,82,3591,2011-9-16,2024-2-19
3592,19,3592,2010-6-19,2023-2-11
3593,71,3593,2011-7-5,2020-8-17
3594,91,3594,2010-3-20,2018-1-14
3595,40,3595,2011-6-21,2024-6-23
3596,79,3596,2010-10-15,2022-11-8
3597,99,3597,2010-6-24,2020-4-28
3598,34,3598,2011-11-17,2025-8-23
3599,7,3599,2010-6-1,2021-11-10
3600,58,3600,2011-12-13,2023-3-27
3601,93,3601,2011-12-24,2023-1-5
3602,18,3602,2010-10-4,2025-4-27
3603,91,3603,2011-1-24,2016-3-1
3604,75,3604,2010-4-1,2024-3-26
3605,66,3605,2011-11-14,2017-1-21
3606,38,3606,2011-6-26,2019-11-26
3607,50,3607,2011-11-19,2021-8-28
3608,51,3608,2011-10-26,2020-7-5
3609,86,3609,2011-2-23,2021-3-19
3610,86,3610,2011-1-21,2018-2-13
3611,100,3611,2011-6-24,2019-1-23
3612,49,3612,2010-8-2,2025-8-13
3613,38,3613,2010-1-19,2022-9-24
3614,50,3614,2011-2-8,2017-5-10
3615,5,3615,2010-2-2,2020-10-13
3616,33,3616,2010-3-26,2015-5-20
3617,5,3617,2011-5-12,2023-11-6
3618,11,3618,2010-11-13,2020-1-19
3619,69,3619,2011-10-12,2021-6-10
3620,39,3620,2011-4-7,2022-7-11
3621,19,3621,2011-12-8,2019-3-1
3622,49,3622,2010-8-25,2016-9-27
3623,49,3623,2011-10-23,2016-3-14
3624,3,3624,2010-6-4,2022-4-23
3625,99,3625,2010-6-23,2015-11-23
3626,60,3626,2010-2-13,2016-3-20
3627,50,3627,2011-5-11,2018-7-25
3628,15,3628,2010-3-7,2015-9-4
3629,94,3629,2011-8-18,2017-8-17
3630,80,3630,2010-9-2,2020-7-1
3631,80,3631,2010-9-18,2025-9-23
3632,63,3632,2011-11-2,2019-12-19
3633,32,3633,2010-6-14,2016-10-28
3634,54,3634,2011-6-10,2020-6-12
3635,29,3635,2011-7-5,2024-4-20
3636,80,3636,2010-3-26,2015-12-8
3637,18,3637,2010-3-17,2016-8-11
3638,7,3638,2010-9-26,2017-1-20
3639,45,3639,2010-3-19,2015-5-18
3640,6,3640,2011-4-24,2015-4-9
3641,1,3641,2011-7-28,2017-3-6
3642,42,3642,2011-5-3,2023-12-3
3643,34,3643,2011-1-13,2025-7-21
3644,38,3644,2010-6-3,2024-10-13
3645,60,3645,2011-8-28,2023-12-10
3646,84,3646,2011-11-11,2019-10-3
3647,26,3647,2010-8-9,2016-10-21
3648,81,3648,2011-3-16,2016-4-18
3649,50,3649,2011-9-11,2019-7-9
3650,54,3650,2010-3-3,2024-8-28
3651,79,3651,2010-12-27,2023-5-16
3652,63,3652,2011-8-15,2018-2-25
3653,59,3653,2010-7-2,2022-8-4
3654,48,3654,2010-4-24,2021-10-14
3655,3,3655,2010-10-7,2025-10-26
3656,24,3656,2011-2-3,2018-8-28
3657,99,3657,2010-7-6,2019-8-16
3658,24,3658,2010-3-25,2021-12-16
3659,9,3659,2011-6-5,2015-6-6
3660,97,3660,2010-9-15,2020-8-15
3661,94,3661,2011-2-18,2020-3-26
3662,13,3662,2010-11-23,2024-2-5
3663,30,3663,2011-12-6,2018-7-23
3664,37,3664,2011-2-26,2016-9-16
3665,62,3665,2010-1-10,2018-7-7
3666,67,3666,2011-12-24,2020-7-21
3667,80,3667,2010-1-15,2015-3-12
3668,60,3668,2010-5-24,2017-12-3
3669,11,3669,2010-8-21,2018-1-4
3670,73,3670,2011-10-16,2019-4-8
3671,29,3671,2010-7-7,2019-10-3
3672,80,3672,2010-4-23,2024-6-10
3673,87,3673,2010-11-10,2016-4-23
3674,62,3674,2010-3-26,2021-12-16
3675,36,3675,2011-10-11,2020-9-27
3676,13,3676,2010-5-19,2024-1-27
3677,74,3677,2011-11-3,2022-9-21
3678,2,3678,2010-2-4,2020-2-15
3679,24,3679,2011-9-7,2020-11-10
3680,77,3680,2010-6-19,2022-5-12
3681,71,3681,2010-7-13,2021-9-2
3682,84,3682,2011-5-7,2022-1-26
3683,27,3683,2011-8-7,2020-2-16
3684,50,3684,2011-9-6,2022-9-1
3685,31,3685,2010-9-16,2015-9-17
3686,90,3686,2011-11-4,2024-2-19
3687,87,3687,2010-4-20,2020-6-15
3688,93,3688,2011-12-13,2022-11-28
3689,14,3689,2010-4-14,2020-1-13
3690,17,3690,2011-1-2,2019-5-18
3691,18,3691,2011-5-6,2020-4-10
3692,29,3692,2010-5-10,2021-8-19
3693,33,3693,2011-11-21,2018-1-25
3694,5,3694,2010-8-11,2023-3-5
3695,38,3695,2010-5-1,2025-11-14
3696,36,3696,2010-2-24,2021-10-17
3697,56,3697,2010-10-1,2015-2-4
3698,12,3698,2010-8-24,2017-6-14
3699,78,3699,2011-5-6,2017-9-26
3700,10,3700,2011-6-23,2018-2-25
3701,74,3701,2010-1-19,2021-10-20
3702,97,3702,2010-1-11,2016-8-24
3703,2,3703,2011-9-21,2016-3-7
3704,97,3704,2011-7-6,2019-5-8
3705,85,3705,2011-9-9,2015-10-28
3706,93,3706,2011-3-4,2017-7-4
3707,27,3707,2010-12-13,2021-6-22
3708,40,3708,2011-3-1,2024-11-23
3709,25,3709,2010-7-26,2024-6-21
3710,87,3710,2011-8-3,2017-11-22
3711,69,3711,2010-1-16,2023-11-16
3712,41,3712,2011-12-11,2023-4-13
3713,5,3713,2010-6-13,2022-2-28
3714,33,3714,2010-10-7,2019-7-2
3715,56,3715,2011-5-6,2024-9-8
3716,67,3716,2010-7-11,2017-7-10
3717,87,3717,2010-4-9,2017-9-28
3718,84,3718,2011-2-23,2022-12-9
3719,24,3719,2010-1-27,2015-5-22
3720,74,3720,2011-6-5,2025-2-12
3721,27,3721,2010-9-8,2023-10-15
3722,72,3722,2011-10-10,2024-7-28
3723,41,3723,2011-1-9,2020-12-4
3724,77,3724,2011-8-26,2025-11-28
3725,5,3725,2011-9-6,2016-1-1
3726,81,3726,2010-6-4,2023-6-9
3727,63,3727,2011-12-7,2021-5-18
3728,63,3728,2010-6-24,2016-9-8
3729,78,3729,2011-12-7,2016-5-24
3730,71,3730,2010-7-22,2019-6-19
3731,32,3731,2010-12-10,2023-1-17
3732,8,3732,2010-6-25,2020-3-2
3733,38,3733,2011-12-13,2023-5-3
3734,16,3734,2011-5-23,2022-7-6
3735,74,3735,2010-3-10,2024-7-4
3736,6,3736,2011-6-26,2015-12-23
3737,42,3737,2010-7-3,2020-9-15
3738,31,3738,2010-5-11,2022-1-10
3739,97,3739,2010-3-4,2015-12-4
3740,82,3740,2011-11-21,2016-9-10
3741,87,3741,2011-3-1,2021-1-10
3742,4,3742,2011-1-4,2016-8-17
3743,77,3743,2010-12-9,2016-6-23
3744,42,3744,2010-1-6,2024-7-20
3745,50,3745,2011-1-20,2016-5-18
3746,75,3746,2010-5-28,2025-6-12
3747,1,3747,2010-9-24,2018-12-16
3748,84,3748,2010-4-12,2016-3-23
3749,59,3749,2010-1-20,2022-5-6
3750,43,3750,2011-12-22,2019-8-23
3751,19,3751,2011-3-24,2016-5-4
3752,19,3752,2010-2-24,2016-6-19
3753,36,3753,2010-9-18,2025-9-9
3754,65,3754,2010-5-25,2016-10-17
3755,37,3755,2010-7-10,2021-3-17
3756,71,3756,2011-1-22,2015-3-14
3757,39,3757,2010-1-8,2023-12-5
3758,91,3758,2010-2-21,2019-12-5
3759,7,3759,2010-7-28,2020-9-7
3760,18,3760,2011-6-14,2018-10-15
3761,45,3761,2011-8-3,2015-6-18
3762,94,3762,2010-3-11,2025-9-5
3763,66,3763,2011-5-28,2024-9-12
3764,51,3764,2010-3-5,2015-9-19
3765,42,3765,2010-1-8,2017-11-26
3766,76,3766,2010-1-24,2022-3-22
3767,49,3767,2011-8-6,2015-2-10
3768,20,3768,2010-1-24,2019-9-9
3769,50,3769,2010-3-2,2019-2-12
3770,83,3770,2011-2-12,2015-4-13
3771,23,3771,2010-8-24,2022-12-21
3772,59,3772,2011-9-25,2017-8-18
3773,61,3773,2011-1-20,2016-2-9
3774,39,3774,2011-4-14,2022-2-3
3775,10,3775,2011-7-21,2018-3-12
3776,84,3776,2010-1-3,2021-2-21
3777,12,3777,2010-2-2,2016-11-17
3778,97,3778,2010-11-24,2023-2-4
3779,6,3779,2011-10-10,2018-12-13
3780,5,3780,2011-12-25,2022-2-1
3781,77,3781,2011-4-9,2016-3-28
3782,36,3782,2010-10-1,2023-5-17
3783,57,3783,2011-9-26,2024-2-3
3784,95,3784,2010-2-24,2016-6-10
3785,64,3785,2011-2-7,2023-12-22
3786,74,3786,2011-1-3,2020-5-6
3787,12,3787,2010-8-10,2018-12-24
3788,19,3788,2010-1-12,2015-7-7
3789,12,3789,2011-8-6,2022-6-16
3790,28,3790,2010-7-18,2017-4-8
3791,46,3791,2010-4-18,2016-4-9
3792,11,3792,2011-8-14,2018-7-16
3793,24,3793,2010-9-26,2024-4-1
3794,38,3794,2011-3-24,2016-2-1
3795,73,3795,2010-1-16,2015-2-17
3796,14,3796,2011-3-12,2017-11-1
3797,36,3797,2011-5-12,2024-12-22
3798,43,3798,2011-5-6,2016-1-26
3799,16,3799,2011-5-11,2016-1-3
3800,1,3800,2010-4-26,2017-3-24
3801,91,3801,2010-9-11,2018-12-5
3802,44,3802,2010-3-4,2019-12-14
3803,97,3803,2011-11-2,2021-11-19
3804,29,3804,2011-11-22,2016-7-25
3805,69,3805,2011-1-14,2021-4-16
3806,2,3806,2011-12-22,2017-10-17
3807,49,3807,2011-4-15,2021-3-18
3808,40,3808,2011-3-19,2018-10-15
3809,39,3809,2010-12-21,2017-10-15
3810,59,3810,2010-1-26,2021-8-12
3811,43,3811,2010-7-27,2020-8-19
3812,35,3812,2010-8-26,2023-5-24
3813,20,3813,2011-6-18,2024-5-11
3814,24,3814,2010-9-8,2025-3-6
3815,47,3815,2011-11-16,2022-6-15
3816,91,3816,2011-7-21,2018-3-25
3817,91,3817,2010-1-3,2023-2-13
3818,67,3818,2010-12-15,2016-4-25
3819,9,3819,2011-6-20,2024-5-24
3820,84,3820,2011-1-7,2018-4-22
3821,68,3821,2010-8-2,2024-9-3
3822,20,3822,2010-11-23,2016-10-1
3823,34,3823,2010-12-4,2018-4-1
3824,25,3824,2011-5-7,2020-7-13
3825,43,3825,2011-10-19,2024-11-16
3826,62,3826,2010-3-21,2022-3-21
3827,31,3827,2011-2-4,2015-9-4
3828,93,3828,2010-10-6,2017-12-5
3829,85,3829,2011-5-10,2021-9-23
3830,84,3830,2011-9-24,2023-8-19
3831,85,3831,2011-8-26,2016-11-5
3832,41,3832,2010-1-8,2020-9-4
3833,80,3833,2011-10-11,2021-1-8
3834,31,3834,2010-6-10,2017-9-25
3835,43,3835,2011-1-6,2022-6-14
3836,84,3836,2011-9-5,2019-4-20
3837,13,3837,2010-10-24,2022-3-15
3838,56,3838,2011-2-19,2024-11-21
3839,69,3839,2011-9-17,2018-3-7
3840,26,3840,2010-4-1,2022-4-28
3841,88,3841,2010-7-19,2024-12-10
3842,78,3842,2011-2-6,2022-1-16
3843,77,3843,2011-10-21,2020-9-28
3844,95,3844,2010-7-28,2022-4-18
3845,39,3845,2011-6-22,2018-1-16
3846,46,3846,2011-6-17,2022-1-3
3847,14,3847,2011-3-9,2015-3-1
3848,36,3848,2011-6-4,2018-4-25
3849,68,3849,2011-1-11,2022-8-7
3850,99,3850,2011-4-25,2017-8-3
3851,40,3851,2011-8-21,2020-5-27
3852,46,3852,2010-10-12,2019-2-27
3853,89,3853,2011-12-15,2016-10-8
3854,28,3854,2010-6-8,2023-4-27
3855,99,3855,2010-2-6,2019-2-25
3856,42,3856,2010-11-17,2018-9-4
3857,24,3857,2010-5-15,2020-11-23
3858,63,3858,2011-4-22,2018-1-8
3859,63,3859,2010-4-13,2025-10-28
3860,46,3860,2011-7-15,2021-11-21
3861,28,3861,2011-1-16,2023-6-14
3862,66,3862,2010-2-24,2023-12-8
3863,80,3863,2011-6-2,2016-2-15
3864,13,3864,2010-1-28,2025-1-23
3865,63,3865,2010-3-10,2021-7-23
3866,30,3866,2010-12-21,2016-5-12
3867,23,3867,2010-9-7,2015-4-25
3868,67,3868,2011-2-9,2024-10-17
3869,82,3869,2010-11-14,2016-1-27
3870,55,3870,2011-11-23,2018-11-9
3871,11,3871,2010-4-1,2024-3-9
3872,8,3872,2010-5-8,2018-12-26
3873,60,3873,2011-12-14,2016-9-7
3874,45,3874,2011-2-19,2018-2-16
3875,49,3875,2011-6-24,2021-8-5
3876,100,3876,2011-2-16,2016-5-22
3877,61,3877,2011-8-24,2023-7-28
3878,59,3878,2010-6-24,2018-4-4
3879,99,3879,2011-3-2,2022-4-22
3880,57,3880,2011-7-5,2018-3-3
3881,72,3881,2010-9-17,2017-1-23
3882,13,3882,2011-5-21,2017-10-27
3883,55,3883,2011-7-21,2018-12-27
3884,81,3884,2010-6-17,2020-9-11
3885,54,3885,2010-11-10,2021-10-27
3886,23,3886,2010-4-16,2018-12-19
3887,67,3887,2010-5-14,2019-11-20
3888,25,3888,2011-9-19,2019-1-12
3889,7,3889,2011-9-24,2016-9-24
3890,54,3890,2011-11-20,2025-5-26
3891,43,3891,2010-4-21,2015-4-10
3892,82,3892,2011-4-21,2024-4-3
3893,77,3893,2011-8-6,2024-12-13
3894,12,3894,2011-1-17,2019-1-5
3895,88,3895,2011-3-23,2018-2-15
3896,37,3896,2011-7-3,2024-12-17
3897,17,3897,2011-11-18,2018-5-5
3898,3,3898,2011-5-12,2015-5-22
3899,84,3899,2010-9-10,2023-1-8
3900,85,3900,2010-7-17,2024-10-18
3901,28,3901,2010-10-16,2016-10-1
3902,13,3902,2011-2-28,2025-11-19
3903,94,3903,2010-9-2,2017-3-14
3904,70,3904,2010-4-11,2020-10-26
3905,69,3905,2011-3-15,2017-8-16
3906,36,3906,2011-12-2,2025-9-24
3907,57,3907,2011-12-12,2025-7-1
3908,59,3908,2010-3-9,2020-11-2
3909,69,3909,2010-11-26,2021-2-15
3910,1,3910,2010-1-9,2021-12-4
3911,53,3911,2010-11-2,2015-2-22
3912,61,3912,2011-7-26,2016-6-12
3913,14,3913,2011-6-16,2021-4-24
3914,94,3914,2010-9-13,2015-8-17
3915,91,3915,2010-5-5,2017-3-13
3916,28,3916,2010-3-5,2015-3-27
3917,76,3917,2010-1-12,2025-4-20
3918,44,3918,2010-5-26,2021-11-3
3919,59,3919,2011-7-13,2023-12-1
3920,76,3920,2010-9-24,2020-4-20
3921,40,3921,2010-5-23,2021-3-20
3922,50,3922,2010-6-11,2025-12-3
3923,19,3923,2010-3-25,2016-5-15
3924,24,3924,2010-11-13,2025-3-16
3925,29,3925,2011-4-24,2022-3-14
3926,16,3926,2011-7-2,2024-2-14
3927,66,3927,2010-4-14,2019-4-19
3928,18,3928,2011-11-18,2021-11-18
3929,82,3929,2011-7-28,2022-3-12
3930,18,3930,2011-10-10,2022-10-15
3931,51,3931,2010-9-11,2015-1-26
3932,46,3932,2011-12-12,2016-11-13
3933,23,3933,2011-5-18,2017-9-14
3934,92,3934,2011-5-6,2021-8-13
3935,97,3935,2010-5-9,2019-4-10
3936,81,3936,2011-3-27,2015-2-24
3937,54,3937,2010-3-11,2025-11-11
3938,37,3938,2010-11-18,2024-5-18
3939,6,3939,2011-9-5,2015-10-20
3940,87,3940,2011-9-27,2015-9-13
3941,36,3941,2011-9-18,2016-9-15
3942,85,3942,2011-7-4,2020-4-1
3943,33,3943,2010-11-4,2024-12-17
3944,72,3944,2010-5-2,2022-11-9
3945,59,3945,2011-5-24,2020-3-20
3946,77,3946,2011-7-23,2019-6-2
3947,76,3947,2010-10-15,2023-6-22
3948,44,3948,2011-5-7,2020-4-6
3949,98,3949,2010-2-10,2025-12-25
3950,19,3950,2011-6-18,2020-11-9
3951,29,3951,2011-11-26,2021-11-27
3952,57,3952,2011-7-16,2017-2-6
3953,13,3953,2010-3-5,2021-9-8
3954,91,3954,2011-9-16,2015-10-24
3955,84,3955,2011-8-6,2021-12-18
3956,86,3956,2011-10-22,2020-6-23
3957,15,3957,2010-11-28,2020-7-1
3958,18,3958,2010-7-16,2016-12-16
3959,22,3959,2010-12-11,2017-3-6
3960,21,3960,2010-9-18,2025-7-22
3961,70,3961,2010-9-17,2018-9-23
3962,84,3962,2010-10-20,2017-11-3
3963,2,3963,2010-11-28,2015-1-19
3964,71,3964,2011-11-1,2024-6-9
3965,85,3965,2010-4-8,2015-8-8
3966,99,3966,2011-9-6,2022-3-18
3967,97,3967,2011-6-11,2015-5-27
3968,49,3968,2010-8-5,2016-8-8
3969,19,3969,2010-10-17,2018-8-24
3970,65,3970,2011-2-13,2018-10-26
3971,46,3971,2011-2-11,2019-2-16
3972,99,3972,2010-2-5,2024-6-3
3973,43,3973,2011-8-17,2023-12-18
3974,56,3974,2011-3-2,2025-12-11
3975,45,3975,2011-1-17,2018-6-27
3976,19,3976,2010-9-16,2017-3-17
3977,17,3977,2011-5-13,2015-2-25
3978,57,3978,2010-7-6,2021-6-19
3979,34,3979,2011-9-6,2020-1-28
3980,74,3980,2011-3-26,2022-11-4
3981,13,3981,2011-9-15,2015-9-25
3982,44,3982,2011-10-18,2020-4-25
3983,61,3983,2011-12-5,2018-7-20
3984,63,3984,2010-2-24,2024-5-25
3985,4,3985,2010-10-17,2025-10-21
3986,9,3986,2010-6-10,2016-8-7
3987,38,3987,2010-8-16,2018-5-9
3988,46,3988,2010-4-5,2022-11-3
3989,67,3989,2011-5-21,2024-10-5
3990,55,3990,2010-7-22,2024-1-6
3991,11,3991,2011-2-3,2024-10-21
3992,75,3992,2011-2-16,2020-1-3
3993,51,3993,2011-8-17,2017-2-11
3994,59,3994,2011-12-21,2025-11-2
3995,30,3995,2010-7-26,2023-9-3
3996,61,3996,2010-5-26,2019-7-27
3997,52,3997,2011-9-17,2023-12-25
3998,98,3998,2011-12-21,2022-1-14
3999,4,3999,2010-7-12,2016-10-18
4000,20,4000,2011-5-6,2024-9-23
4001,53,4001,2010-3-19,2024-2-22
4002,16,4002,2011-4-24,2024-6-10
4003,33,4003,2010-2-14,2020-5-14
4004,69,4004,2011-4-16,2021-6-26
4005,10,4005,2010-3-1,2017-11-14
4006,2,4006,2011-8-14,2016-5-12
4007,1,4007,2011-12-2,2025-8-6
4008,71,4008,2011-1-1,2024-10-7
4009,31,4009,2010-4-3,2019-6-2
4010,49,4010,2010-10-1,2021-10-3
4011,10,4011,2010-1-22,2017-3-6
4012,34,4012,2011-1-6,2015-3-10
4013,62,4013,2010-12-10,2020-3-22
4014,58,4014,2011-2-23,2022-5-7
4015,26,4015,2011-12-13,2024-2-12
4016,17,4016,2010-3-19,2017-7-21
4017,31,4017,2010-7-19,2016-8-25
4018,63,4018,2010-6-3,2017-1-21
4019,69,4019,2010-9-26,2024-8-1
4020,6,4020,2011-7-19,2015-2-1
4021,97,4021,2010-5-8,2016-1-21
4022,18,4022,2010-10-20,2015-10-3
4023,80,4023,2010-1-19,2016-1-27
4024,31,4024,2011-9-3,2021-4-24
4025,29,4025,2011-4-5,2018-7-2
4026,95,4026,2011-4-25,2018-5-27
4027,82,4027,2010-1-20,2023-8-21
4028,28,4028,2011-8-15,2016-9-17
4029,18,4029,2011-10-19,2025-3-19
4030,29,4030,2011-5-11,2019-8-3
4031,29,4031,2011-7-24,2022-6-14
4032,53,4032,2010-3-18,2018-12-1
4033,91,4033,2011-7-17,2017-5-19
4034,32,4034,2010-5-13,2016-9-26
4035,48,4035,2011-2-14,2025-6-5
4036,12,4036,2011-8-18,2022-12-8
4037,59,4037,2010-3-21,2024-8-4
4038,19,4038,2010-8-10,2015-11-9
4039,26,4039,2010-9-24,2016-5-26
4040,99,4040,2011-10-26,2016-4-1
4041,47,4041,2011-1-3,2024-6-18
4042,62,4042,2011-10-4,2018-9-2
4043,77,4043,2010-1-9,2018-9-12
4044,24,4044,2010-12-16,2015-4-17
4045,37,4045,2010-9-25,2025-7-8
4046,43,4046,2011-12-2,2021-3-2
4047,85,4047,2011-12-12,2024-7-9
4048,18,4048,2011-3-16,2022-4-20
4049,84,4049,2010-6-4,2021-4-8
4050,35,4050,2010-5-17,2016-4-2
4051,36,4051,2011-2-16,2019-3-19
4052,30,4052,2011-11-1,2017-6-16
4053,87,4053,2010-9-12,2022-3-24
4054,58,4054,2010-1-24,2016-4-6
4055,59,4055,2011-11-12,2025-11-22
4056,21,4056,2011-4-17,2018-12-10
4057,54,4057,2011-1-9,2025-4-9
4058,35,4058,2010-2-27,2021-6-21
4059,57,4059,2011-4-3,2025-10-8
4060,99,4060,2011-10-4,2025-11-28
4061,82,4061,2011-10-23,2023-10-13
4062,37,4062,2010-3-4,2024-5-18
4063,5,4063,2011-9-20,2017-9-15
4064,92,4064,2010-2-3,2024-2-22
4065,78,4065,2010-7-21,2018-9-13
4066,59,4066,2011-6-3,2018-6-26
4067,90,4067,2010-9-6,2022-7-11
4068,49,4068,2011-8-6,2020-3-27
4069,64,4069,2011-9-17,2017-4-28
4070,4,4070,2011-7-11,2025-4-27
4071,80,4071,2010-12-11,2020-7-13
4072,42,4072,2010-9-11,2019-11-8
4073,22,4073,2011-6-7,2024-11-4
4074,10,4074,2011-4-21,2024-4-11
4075,82,4075,2010-4-12,2019-8-9
4076,21,4076,2010-6-24,2022-9-28
4077,88,4077,2010-3-18,2017-6-2
4078,70,4078,2011-8-20,2024-6-27
4079,58,4079,2010-2-10,2020-7-13
4080,62,4080,2011-3-25,2017-2-24
4081,45,4081,2010-5-13,2017-10-28
4082,53,4082,2010-10-2,2020-11-4
4083,54,4083,2010-11-3,2017-8-1
4084,9,4084,2010-2-22,2024-9-27
4085,52,4085,2011-1-5,2022-6-9
4086,18,4086,2011-6-24,2021-8-24
4087,31,4087,2011-11-12,2019-2-10
4088,45,4088,2011-9-25,2023-6-4
4089,13,4089,2010-5-6,2025-3-27
4090,24,4090,2010-6-16,2021-12-13
4091,71,4091,2010-6-19,2022-10-12
4092,39,4092,2011-11-12,2020-2-12
4093,18,4093,2011-6-8,2018-6-3
4094,43,4094,2010-4-4,2016-10-8
4095,63,4095,2010-2-16,2020-12-15
4096,22,4096,2011-2-19,2024-3-1
4097,96,4097,2010-12-19,2018-2-21
4098,22,4098,2011-5-19,2019-6-17
4099,83,4099,2011-3-13,2019-1-27
4100,46,4100,2011-2-12,2018-12-5
4101,4,4101,2011-10-27,2024-3-13
4102,29,4102,2011-6-15,2024-1-14
4103,30,4103,2010-12-2,2016-10-6
4104,100,4104,2010-10-13,2024-12-23
4105,53,4105,2011-8-5,2022-3-16
4106,40,4106,2010-8-14,2019-8-23
4107,10,4107,2010-8-23,2015-7-11
4108,23,4108,2010-3-22,2021-7-25
4109,49,4109,2010-12-28,2015-1-26
4110,95,4110,2011-12-27,2022-8-5
4111,39,4111,2011-8-11,2025-8-18
4112,99,4112,2011-5-18,2016-2-12
4113,37,4113,2011-5-10,2016-7-7
4114,25,4114,2010-5-3,2017-1-21
4115,67,4115,2010-6-3,2016-9-6
4116,17,4116,2011-11-22,2022-7-22
4117,33,4117,2010-4-11,2019-8-20
4118,84,4118,2011-8-5,2019-9-3
4119,51,4119,2010-11-28,2025-1-4
4120,36,4120,2011-4-21,2017-6-25
4121,5,4121,2010-9-1,2025-3-23
4122,14,4122,2011-1-16,2020-2-1
4123,7,4123,2010-8-25,2018-8-2
4124,11,4124,2010-6-2,2015-8-13
4125,51,4125,2011-6-6,2019-5-5
4126,20,4126,2011-6-28,2021-4-4
4127,71,4127,2011-11-11,2023-3-1
4128,75,4128,2010-9-20,2018-11-28
4129,89,4129,2010-8-7,2025-1-23
4130,37,4130,2010-10-26,2022-7-22
4131,68,4131,2010-3-2,2020-8-3
4132,72,4132,2010-10-26,2024-10-18
4133,50,4133,2011-9-12,2019-12-7
4134,46,4134,2011-6-4,2020-4-10
4135,81,4135,2011-10-17,2022-3-20
4136,95,4136,2010-2-27,2021-9-16
4137,20,4137,2010-10-4,2020-11-21
4138,35,4138,2010-5-26,2019-4-14
4139,35,4139,2011-12-9,2022-4-6
4140,17,4140,2010-6-18,2023-6-12
4141,56,4141,2011-2-7,2017-8-7
4142,31,4142,2010-1-12,2017-9-17
4143,27,4143,2010-6-16,2023-4-1
4144,73,4144,2010-11-10,2020-2-17
4145,78,4145,2010-7-4,2017-6-17
4146,70,4146,2011-5-20,2021-7-3
4147,7,4147,2010-6-22,2023-2-26
4148,25,4148,2010-9-20,2015-5-15
4149,87,4149,2010-8-2,2021-4-23
4150,4,4150,2010-11-7,2023-6-19
4151,6,4151,2011-2-25,2015-4-27
4152,51,4152,2011-1-1,2021-7-16
4153,92,4153,2011-5-6,2024-9-13
4154,61,4154,2010-9-4,2015-2-16
4155,41,4155,2011-2-21,2025-6-3
4156,21,4156,2011-10-21,2017-11-16
4157,90,4157,2010-11-5,2020-4-16
4158,80,4158,2010-1-15,2017-5-26
4159,55,4159,2010-2-25,2016-12-11
4160,88,4160,2010-1-7,2024-5-19
4161,83,4161,2010-9-9,2021-3-17
4162,8,4162,2010-7-24,2020-7-28
4163,57,4163,2011-2-12,2025-1-1
4164,98,4164,2010-5-28,2017-6-15
4165,57,4165,2010-2-16,2020-12-24
4166,5,4166,2010-10-23,2017-5-28
4167,49,4167,2010-12-14,2015-8-2
4168,73,4168,2010-3-9,2024-11-12
4169,53,4169,2011-6-9,2016-11-3
4170,37,4170,2011-8-15,2023-1-11
4171,96,4171,2010-10-4,2018-1-3
4172,52,4172,2011-7-18,2015-4-28
4173,2,4173,2010-10-23,2023-2-21
4174,47,4174,2011-8-12,2015-3-1
4175,50,4175,2010-3-19,2024-4-7
4176,12,4176,2010-7-4,2017-3-17
4177,2,4177,2010-2-6,2025-7-27
4178,28,4178,2011-10-28,2025-10-17
4179,16,4179,2010-12-9,2022-9-8
4180,41,4180,2011-1-20,2016-1-1
4181,90,4181,2011-4-12,2025-6-18
4182,88,4182,2010-8-16,2019-9-5
4183,22,4183,2010-11-20,2018-8-24
4184,49,4184,2010-1-16,2024-9-5
4185,11,4185,2010-1-5,2018-11-13
4186,41,4186,2010-2-17,2025-7-19
4187,76,4187,2011-6-9,2020-9-17
4188,14,4188,2010-3-14,2023-7-5
4189,33,4189,2010-9-18,2025-5-13
4190,5,4190,2011-4-8,2022-7-14
4191,86,4191,2011-3-19,2024-3-14
4192,39,4192,2011-10-23,2016-3-27
4193,63,4193,2010-8-8,2022-7-7
4194,2,4194,2010-4-25,2019-12-9
4195,19,4195,2011-5-18,2018-11-28
4196,92,4196,2011-2-10,2017-11-25
4197,69,4197,2011-2-15,2019-1-20
4198,63,4198,2011-6-23,2015-1-8
4199,62,4199,2011-5-4,2024-9-16
4200,62,4200,2010-7-19,2025-1-1
4201,90,4201,2010-5-12,2023-5-2
4202,53,4202,2011-9-26,2019-8-8
4203,51,4203,2011-10-5,2016-7-18
4204,29,4204,2011-11-23,2025-10-12
4205,61,4205,2010-6-14,2025-6-8
4206,41,4206,2010-6-2,2015-1-6
4207,77,4207,2010-7-16,2019-5-25
4208,39,4208,2010-9-1,2019-3-2
4209,24,4209,2011-2-22,2022-8-12
4210,45,4210,2011-2-21,2022-2-12
4211,64,4211,2011-10-28,2021-9-24
4212,81,4212,2010-2-25,2017-7-10
4213,54,4213,2010-3-8,2019-4-5
4214,70,4214,2011-8-28,2018-1-11
4215,56,4215,2010-9-26,2015-1-17
4216,96,4216,2011-6-14,2018-10-13
4217,72,4217,2010-3-1,2025-6-13
4218,5,4218,2011-8-5,2025-10-1
4219,26,4219,2011-9-6,2024-3-17
4220,57,4220,2010-10-22,2018-4-19
4221,17,4221,2011-4-13,2019-5-21
4222,18,4222,2010-6-6,2015-11-10
4223,16,4223,2010-4-27,2023-3-13
4224,81,4224,2011-6-26,2024-9-4
4225,71,4225,2010-6-19,2024-5-19
4226,69,4226,2011-8-22,2023-5-5
4227,33,4227,2011-4-24,2016-5-1
4228,85,4228,2011-7-14,2015-10-12
4229,58,4229,2010-6-24,2019-4-25
4230,61,4230,2010-7-6,2017-3-2
4231,56,4231,2011-5-12,2020-10-7
4232,2,4232,2010-11-25,2023-4-8
4233,55,4233,2011-5-2,2015-3-6
4234,29,4234,2010-9-23,2025-11-17
4235,81,4235,2011-8-27,2016-1-15
4236,18,4236,2010-3-1,2024-8-25
4237,100,4237,2011-9-11,2024-7-1
4238,60,4238,2010-6-18,2023-3-2
4239,72,4239,2011-11-20,2025-12-15
4240,86,4240,2010-1-3,2015-11-26
4241,95,4241,2010-8-1,2020-4-5
4242,13,4242,2010-3-16,2020-4-9
4243,64,4243,2010-4-22,2016-5-19
4244,14,4244,2011-1-15,2020-12-3
4245,10,4245,2011-1-18,2015-8-27
4246,13,4246,2011-6-8,2018-9-9
4247,11,4247,2011-9-11,2017-1-7
4248,60,4248,2011-5-21,2020-8-3
4249,31,4249,2011-11-15,2023-10-25
4250,83,4250,2011-11-25,2020-4-15
4251,34,4251,2011-11-9,2023-4-6
4252,64,4252,2010-12-16,2024-5-23
4253,41,4253,2011-4-11,2024-9-8
4254,53,4254,2011-5-6,2023-9-28
4255,58,4255,2011-7-27,2023-9-18
4256,22,4256,2010-5-4,2015-3-22
4257,26,4257,2010-6-13,2016-3-12
4258,27,4258,2011-6-12,2025-12-23
4259,47,4259,2011-1-19,2021-10-15
4260,44,4260,2010-9-17,2024-3-25
4261,50,4261,2010-2-21,2019-8-24
4262,55,4262,2010-9-7,2024-10-15
4263,77,4263,2010-10-18,2025-12-3
4264,3,4264,2011-6-21,2015-5-1
4265,7,4265,2011-9-13,2018-6-20
4266,91,4266,2011-10-16,2025-2-25
4267,46,4267,2010-12-26,2016-2-7
4268,87,4268,2010-7-17,2022-6-21
4269,94,4269,2010-4-9,2021-6-21
4270,34,4270,2010-5-23,2021-12-1
4271,82,4271,2011-9-8,2021-3-7
4272,68,4272,2011-12-27,2024-7-26
4273,10,4273,2011-11-11,2024-7-6
4274,40,4274,2010-12-18,2016-6-10
4275,32,4275,2010-6-25,2016-3-3
4276,38,4276,2011-12-17,2018-8-2
4277,13,4277,2011-10-5,2016-3-19
4278,90,4278,2011-1-21,2019-1-24
4279,39,4279,2011-8-7,2019-5-19
4280,45,4280,2010-5-2,2018-4-4
4281,40,4281,2010-7-7,2016-2-14
4282,71,4282,2010-12-27,2015-9-24
4283,77,4283,2011-1-16,2020-3-5
4284,14,4284,2010-10-21,2015-11-26
4285,89,4285,2010-10-26,2015-5-4
4286,35,4286,2011-9-11,2021-9-22
4287,89,4287,2010-3-16,2018-2-13
4288,55,4288,2011-7-27,2020-7-23
4289,92,4289,2010-3-26,2025-4-6
4290,8,4290,2011-10-8,2016-2-6
4291,85,4291,2010-9-2,2021-3-28
4292,12,4292,2011-1-23,2018-3-26
4293,80,4293,2011-3-4,2016-4-23
4294,82,4294,2011-7-1,2016-5-7
4295,32,4295,2010-12-14,2024-2-18
4296,70,4296,2011-5-27,2018-7-4
4297,33,4297,2010-8-13,2021-12-2
4298,40,4298,2011-10-17,2017-10-16
4299,19,4299,2011-7-19,2024-4-7
4300,26,4300,2010-6-8,2015-7-18
4301,47,4301,2010-1-15,2019-4-22
4302,61,4302,2010-3-20,2016-2-4
4303,32,4303,2010-8-27,2015-1-17
4304,3,4304,2010-2-9,2016-1-6
4305,9,4305,2010-8-24,2023-12-5
4306,8,4306,2011-7-1,2025-5-1
4307,27,4307,2010-4-8,2025-10-8
4308,6,4308,2011-2-15,2025-1-9
4309,73,4309,2010-7-28,2021-4-6
4310,53,4310,2011-1-1,2025-3-10
4311,34,4311,2011-4-22,2017-11-1
4312,26,4312,2010-3-26,2019-2-1
4313,21,4313,2010-2-26,2017-2-7
4314,60,4314,2011-3-19,2017-12-17
4315,37,4315,2011-11-20,2023-11-27
4316,47,4316,2010-2-14,2017-8-3
4317,96,4317,2010-8-4,2019-9-28
4318,77,4318,2011-10-13,2022-4-28
4319,59,4319,2010-5-6,2018-10-20
4320,75,4320,2010-2-21,2020-3-1
4321,24,4321,2011-5-19,2020-4-13
4322,60,4322,2011-11-27,2020-1-18
4323,98,4323,2011-1-17,2020-4-21
4324,7,4324,2010-4-15,2019-5-5
4325,96,4325,2011-4-1,2019-2-7
4326,64,4326,2010-8-7,2017-11-10
4327,41,4327,2011-2-7,2018-8-22
4328,43,4328,2011-8-15,2018-1-1
4329,93,4329,2011-3-7,2022-12-12
4330,10,4330,2011-9-7,2015-9-10
4331,8,4331,2010-8-20,2019-10-9
4332,23,4332,2010-5-8,2016-5-10
4333,61,4333,2010-8-17,2025-5-23
4334,82,4334,2010-3-20,2015-2-11
4335,83,4335,2010-10-2,2021-6-16
4336,4,4336,2010-4-13,2016-1-21
4337,88,4337,2010-2-11,2016-6-11
4338,68,4338,2011-6-5,2016-8-27
4339,14,4339,2011-10-5,2023-7-5
4340,70,4340,2011-11-1,2018-5-17
4341,68,4341,2011-5-26,2016-11-17
4342,9,4342,2010-8-12,2016-5-26
4343,61,4343,2010-4-1,2015-3-2
4344,85,4344,2010-5-19,2021-1-20
4345,50,4345,2011-12-7,2022-4-16
4346,54,4346,2010-6-15,2018-8-21
4347,4,4347,2010-9-5,2022-12-6
4348,15,4348,2011-6-3,2023-12-15
4349,98,4349,2011-3-22,2025-9-10
4350,97,4350,2011-8-25,2024-1-11
4351,85,4351,2011-9-23,2021-6-18
4352,23,4352,2011-6-18,2018-11-26
4353,41,4353,2011-3-16,2017-9-9
4354,11,4354,2010-7-17,2023-7-1
4355,14,4355,2010-9-15,2017-1-10
4356,93,4356,2010-4-24,2025-11-18
4357,25,4357,2010-9-8,2016-4-10
4358,47,4358,2010-8-18,2025-11-12
4359,56,4359,2010-11-3,2025-6-22
4360,51,4360,2010-7-1,2021-11-16
4361,95,4361,2010-1-6,2022-1-10
4362,38,4362,2010-6-24,2018-10-17
4363,34,4363,2011-3-26,2018-1-6
4364,57,4364,2011-9-15,2020-11-6
4365,58,4365,2011-1-23,2020-12-9
4366,34,4366,2011-11-27,2016-6-12
4367,45,4367,2011-1-5,2021-10-26
4368,44,4368,2010-6-11,2020-2-26
4369,44,4369,2011-7-21,2018-3-3
4370,41,4370,2010-8-19,2022-4-28
4371,65,4371,2010-1-10,2022-9-8
4372,68,4372,2010-7-23,2015-10-21
4373,83,4373,2010-3-14,2016-5-12
4374,55,4374,2011-8-19,2017-11-5
4375,44,4375,2011-9-2,2022-7-15
4376,8,4376,2011-4-14,2022-6-27
4377,55,4377,2010-2-14,2020-8-14
4378,63,4378,2010-4-21,2015-6-17
4379,80,4379,2011-3-6,2024-8-22
4380,64,4380,2011-3-27,2018-8-21
4381,5,4381,2011-5-23,2025-11-12
4382,83,4382,2011-10-4,2021-3-11
4383,32,4383,2011-4-26,2019-12-24
4384,32,4384,2011-5-2,2021-8-14
4385,13,4385,2011-3-4,2020-11-2
4386,3,4386,2011-2-8,2023-5-10
4387,15,4387,2011-12-6,2021-6-3
4388,36,4388,2010-3-16,2017-2-7
4389,73,4389,2011-9-18,2019-1-9
4390,73,4390,2010-8-12,2017-8-4
4391,100,4391,2010-9-12,2021-2-20
4392,99,4392,2010-5-12,2021-2-18
4393,52,4393,2011-11-19,2024-3-10
4394,81,4394,2011-7-5,2018-3-17
4395,37,4395,2011-5-15,2017-1-26
4396,94,4396,2010-12-7,2020-12-15
4397,24,4397,2010-3-10,2018-8-5
4398,73,4398,2011-2-19,2024-12-23
4399,25,4399,2011-7-20,2016-3-18
4400,19,4400,2010-7-3,2022-1-10
4401,57,4401,2011-5-28,2015-12-25
4402,1,4402,2010-4-6,2022-10-8
4403,97,4403,2010-8-9,2021-3-12
4404,25,4404,2010-4-14,2023-5-1
4405,31,4405,2010-4-9,2022-5-11
4406,69,4406,2010-6-5,2018-1-1
4407,43,4407,2011-5-3,2018-6-10
4408,53,4408,2011-3-8,2023-6-23
4409,21,4409,2011-12-18,2021-4-27
4410,52,4410,2011-4-5,2023-1-22
4411,83,4411,2011-9-3,2022-4-19
4412,82,4412,2011-10-1,2022-3-17
4413,6,4413,2010-4-19,2015-7-22
4414,91,4414,2010-4-11,2017-7-7
4415,38,4415,2011-12-14,2018-12-8
4416,25,4416,2010-5-12,2016-12-16
4417,71,4417,2011-8-23,2021-1-14
4418,53,4418,2011-1-17,2018-2-5
4419,58,4419,2010-3-26,2024-1-27
4420,55,4420,2010-8-8,2016-7-22
4421,5,4421,2010-8-28,2025-8-3
4422,8,4422,2011-8-27,2023-2-5
4423,46,4423,2011-2-15,2023-5-9
4424,96,4424,2010-4-6,2023-6-23
4425,44,4425,2011-3-4,2021-6-22
4426,80,4426,2010-1-11,2015-6-10
4427,1,4427,2011-4-28,2022-6-25
4428,41,4428,2010-7-22,2016-11-13
4429,5,4429,2011-12-19,2023-10-26
4430,6,4430,2010-12-8,2023-3-18
4431,14,4431,2010-9-11,2021-5-14
4432,66,4432,2011-10-4,2024-1-10
4433,34,4433,2011-8-3,2025-1-12
4434,19,4434,2011-5-21,2023-9-17
4435,80,4435,2010-11-7,2019-1-8
4436,83,4436,2011-9-9,2019-7-2
4437,28,4437,2011-5-9,2020-6-3
4438,10,4438,2010-3-28,2018-2-15
4439,36,4439,2010-1-24,2021-6-14
4440,51,4440,2010-1-25,2019-9-15
4441,19,4441,2010-1-28,2024-1-5
4442,1,4442,2011-11-8,2016-5-11
4443,87,4443,2010-6-14,2019-7-21
4444,6,4444,2011-5-28,2023-10-12
4445,16,4445,2010-4-19,2022-5-19
4446,95,4446,2011-8-6,2025-2-24
4447,89,4447,2011-2-9,2020-3-4
4448,97,4448,2011-10-12,2022-2-3
4449,72,4449,2011-8-24,2019-3-14
4450,18,4450,2010-10-23,2019-4-23
4451,36,4451,2010-3-17,2019-9-4
4452,76,4452,2010-5-17,2024-8-20
4453,92,4453,2010-8-7,2016-12-6
4454,96,4454,2011-9-8,2018-10-19
4455,33,4455,2010-7-10,2025-10-21
4456,5,4456,2011-5-11,2015-9-15
4457,7,4457,2011-9-15,2025-11-13
4458,14,4458,2010-3-12,2020-6-13
4459,90,4459,2011-8-6,2018-10-3
4460,76,4460,2011-7-11,2018-12-22
4461,9,4461,2010-12-25,2018-10-6
4462,96,4462,2011-9-25,2019-6-3
4463,72,4463,2011-3-22,2020-10-24
4464,57,4464,2011-7-26,2025-5-17
4465,98,4465,2010-10-6,2018-2-4
4466,1,4466,2011-5-7,2019-5-18
4467,5,4467,2011-5-25,2019-10-10
4468,66,4468,2011-5-8,2025-11-8
4469,100,4469,2010-6-5,2018-9-17
4470,41,4470,2010-4-23,2023-1-10
4471,17,4471,2011-3-23,2020-4-20
4472,23,4472,2011-2-2,2018-3-2
4473,32,4473,2010-8-17,2022-1-9
4474,55,4474,2011-11-3,2017-3-23
4475,60,4475,2010-4-5,2021-3-1
4476,15,4476,2011-3-5,2017-1-2
4477,59,4477,2010-12-20,2025-9-13
4478,65,4478,2010-2-18,2016-5-16
4479,9,4479,2011-3-27,2017-1-10
4480,11,4480,2011-8-15,2020-6-23
4481,25,4481,2011-9-17,2018-2-19
4482,67,4482,2011-7-20,2020-9-21
4483,22,4483,2011-3-8,2022-8-27
4484,25,4484,2011-3-9,2020-7-7
4485,97,4485,2011-6-23,2017-7-21
4486,35,4486,2011-5-11,2017-5-13
4487,7,4487,2010-9-26,2020-11-21
4488,45,4488,2010-12-22,2023-1-12
4489,36,4489,2011-5-7,2015-7-14
4490,18,4490,2011-12-26,2020-4-26
4491,21,4491,2011-1-2,2017-11-10
4492,9,4492,2010-5-23,2021-5-10
4493,98,4493,2011-8-13,2024-12-6
4494,39,4494,2010-10-4,2023-8-7
4495,73,4495,2011-2-17,2016-11-13
4496,32,4496,2010-10-12,2024-10-5
4497,63,4497,2011-6-23,2015-5-19
4498,54,4498,2011-8-21,2022-11-22
4499,2,4499,2010-3-24,2022-7-5
4500,52,4500,2011-9-16,2018-1-4
4501,95,4501,2010-1-22,2016-4-2
4502,80,4502,2011-11-25,2020-12-26
4503,42,4503,2010-3-11,2021-11-23
4504,25,4504,2011-7-28,2017-2-1
4505,57,4505,2010-3-9,2022-8-23
4506,89,4506,2010-3-9,2019-6-21
4507,55,4507,2010-12-10,2020-7-19
4508,51,4508,2010-11-26,2025-10-17
4509,68,4509,2010-5-8,2025-10-26
4510,34,4510,2011-10-20,2025-6-19
4511,86,4511,2010-8-3,2019-10-28
4512,8,4512,2011-9-3,2018-4-27
4513,81,4513,2011-5-26,2019-8-20
4514,71,4514,2010-8-5,2022-9-19
4515,35,4515,2011-3-28,2019-12-21
4516,8,4516,2011-8-22,2018-1-17
4517,78,4517,2011-2-25,2017-5-4
4518,58,4518,2010-10-19,2023-4-26
4519,86,4519,2010-2-20,2025-11-8
4520,62,4520,2010-4-1,2024-3-19
4521,27,4521,2010-10-8,2017-4-3
4522,90,4522,2010-2-7,2023-9-26
4523,76,4523,2011-12-3,2023-12-6
4524,81,4524,2010-11-23,2023-1-26
4525,60,4525,2010-5-8,2022-1-24
4526,80,4526,2010-6-2,2020-2-28
4527,95,4527,2010-7-17,2018-12-21
4528,92,4528,2010-3-20,2021-3-22
4529,65,4529,2011-6-24,2019-10-1
4530,3,4530,2010-5-4,2016-7-26
4531,100,4531,2011-2-23,2025-5-3
4532,65,4532,2011-9-2,2017-6-1
4533,11,4533,2010-12-25,2019-2-17
4534,3,4534,2011-7-22,2017-11-21
4535,37,4535,2011-11-13,2018-6-2
4536,100,4536,2011-12-25,2016-7-28
4537,57,4537,2010-3-6,2019-7-15
4538,70,4538,2011-8-14,2020-1-22
4539,36,4539,2011-12-13,2015-5-24
4540,23,4540,2011-2-8,2017-7-5
4541,12,4541,2011-8-4,2018-9-7
4542,33,4542,2010-3-19,2022-12-5
4543,67,4543,2011-2-12,2015-3-22
4544,5,4544,2010-1-12,2024-11-6
4545,28,4545,2011-1-16,2022-3-1
4546,67,4546,2010-4-9,2021-4-12
4547,23,4547,2011-11-27,2021-11-8
4548,23,4548,2011-10-14,2016-4-19
4549,90,4549,2010-2-19,2018-8-18
4550,98,4550,2011-4-23,2024-9-8
4551,70,4551,2010-6-9,2016-2-10
4552,31,4552,2011-5-8,2022-10-2
4553,32,4553,2010-1-9,2025-6-26
4554,81,4554,2010-5-23,2024-12-14
4555,6,4555,2011-10-14,2019-7-5
4556,46,4556,2010-12-6,2022-10-5
4557,47,4557,2011-5-21,2017-2-22
4558,11,4558,2010-5-23,2015-4-14
4559,97,4559,2010-9-19,2025-1-16
4560,38,4560,2011-8-14,2018-8-1
4561,99,4561,2010-5-1,2017-5-15
4562,61,4562,2010-5-27,2020-2-7
4563,63,4563,2010-12-17,2015-4-27
4564,18,4564,2010-4-5,2018-9-3
4565,94,4565,2011-9-8,2024-10-28
4566,96,4566,2011-4-21,2021-2-14
4567,48,4567,2010-12-23,2016-12-4
4568,47,4568,2010-4-19,2021-4-21
4569,16,4569,2010-7-16,2019-3-11
4570,68,4570,2010-10-27,2024-6-17
4571,83,4571,2011-2-5,2019-6-4
4572,36,4572,2010-10-5,2015-8-17
4573,67,4573,2010-7-15,2025-10-24
4574,63,4574,2010-12-3,2016-6-3
4575,61,4575,2011-10-7,2024-7-10
4576,66,4576,2011-11-16,2015-1-22
4577,26,4577,2011-9-27,2024-11-1
4578,94,4578,2010-9-1,2017-11-18
4579,81,4579,2011-2-22,2018-10-4
4580,16,4580,2011-4-15,2015-12-19
4581,34,4581,2011-6-15,2023-2-1
4582,32,4582,2010-2-14,2018-3-10
4583,23,4583,2011-11-1,2024-11-28
4584,67,4584,2011-7-26,2024-11-21
4585,55,4585,2010-3-23,2020-4-18
4586,6,4586,2011-10-22,2019-11-2
4587,88,4587,2011-5-28,2020-10-19
4588,96,4588,2010-9-5,2022-8-24
4589,14,4589,2010-2-16,2022-6-25
4590,52,4590,2010-12-11,2016-7-11
4591,23,4591,2010-10-5,2017-4-27
4592,100,4592,2011-10-17,2017-1-19
4593,7,4593,2010-1-11,2015-10-1
4594,78,4594,2011-12-8,2018-3-7
4595,93,4595,2011-3-1,2017-6-18
4596,62,4596,2010-8-14,2017-6-8
4597,45,4597,2011-9-7,2023-4-5
4598,42,4598,2011-7-21,2019-5-17
4599,47,4599,2010-6-27,2016-1-28
4600,25,4600,2010-3-23,2016-10-15
4601,18,4601,2010-10-27,2020-11-15
4602,12,4602,2011-6-18,2016-12-14
4603,48,4603,2011-12-22,2016-4-20
4604,31,4604,2010-5-20,2025-10-4
4605,27,4605,2010-10-25,2017-3-23
4606,5,4606,2011-8-24,2020-11-24
4607,74,4607,2010-12-19,2021-11-3
4608,52,4608,2011-4-16,2022-3-23
4609,34,4609,2010-2-25,2023-10-23
4610,37,4610,2011-6-4,2025-11-9
4611,8,4611,2010-2-5,2016-4-9
4612,52,4612,2011-10-4,2019-8-22
4613,25,4613,2010-9-13,2022-7-11
4614,8,4614,2011-1-25,2016-2-1
4615,80,4615,2010-9-26,2015-2-15
4616,69,4616,2011-10-8,2016-12-7
4617,32,4617,2011-12-14,2021-9-23
4618,34,4618,2010-4-18,2020-6-26
4619,26,4619,2011-7-5,2025-9-1
4620,30,4620,2010-12-24,2021-3-28
4621,90,4621,2010-11-10,2023-3-26
4622,53,4622,2010-12-25,2015-3-19
4623,93,4623,2011-2-8,2022-9-2
4624,69,4624,2010-5-28,2018-3-18
4625,86,4625,2010-8-19,2016-9-1
4626,15,4626,2010-4-22,2024-11-24
4627,23,4627,2011-9-24,2017-3-5
4628,84,4628,2010-6-17,2021-10-24
4629,14,4629,2011-8-1,2015-3-21
4630,51,4630,2011-5-26,2017-12-27
4631,19,4631,2011-2-10,2015-2-19
4632,45,4632,2010-3-21,2024-6-20
4633,35,4633,2011-12-9,2021-8-16
4634,27,4634,2011-6-7,2017-2-15
4635,45,4635,2011-2-9,2016-9-20
4636,18,4636,2011-3-2,2023-8-28
4637,26,4637,2011-5-17,2016-7-22
4638,7,4638,2011-6-4,2020-1-9
4639,95,4639,2011-1-10,2023-12-13
4640,9,4640,2011-9-15,2024-8-12
4641,94,4641,2011-6-3,2023-4-10
4642,89,4642,2010-8-12,2016-3-16
4643,5,4643,2010-10-23,2024-9-20
4644,92,4644,2011-8-11,2017-5-15
4645,95,4645,2010-10-10,2022-9-20
4646,38,4646,2011-11-26,2023-7-5
4647,29,4647,2010-6-19,2022-10-4
4648,44,4648,2010-8-9,2015-11-20
4649,45,4649,2010-8-19,2020-4-2
4650,78,4650,2011-4-28,2021-11-18
4651,13,4651,2010-2-11,2022-11-4
4652,39,4652,2011-12-6,2024-5-26
4653,20,4653,2010-11-1,2019-2-28
4654,36,4654,2011-5-20,2021-7-20
4655,69,4655,2010-9-12,2017-7-18
4656,55,4656,2011-4-11,2023-9-23
4657,76,4657,2010-3-4,2024-2-27
4658,33,4658,2010-5-25,2023-3-9
4659,91,4659,2011-12-17,2021-7-12
4660,18,4660,2011-11-15,2018-1-11
4661,59,4661,2010-3-9,2019-5-24
4662,85,4662,2010-7-24,2015-1-9
4663,1,4663,2011-3-16,2021-9-3
4664,11,4664,2010-3-26,2024-5-4
4665,65,4665,2010-6-24,2015-10-18
4666,46,4666,2011-11-21,2019-12-22
4667,89,4667,2011-5-24,2018-5-16
4668,47,4668,2011-5-10,2024-5-21
4669,90,4669,2010-10-4,2016-8-4
4670,74,4670,2011-12-2,2023-3-22
4671,86,4671,2011-5-8,2019-4-21
4672,88,4672,2011-3-28,2015-3-4
4673,3,4673,2011-5-6,2024-4-2
4674,68,4674,2010-1-24,2022-6-18
4675,59,4675,2010-1-21,2017-1-15
4676,69,4676,2010-4-4,2015-11-18
4677,55,4677,2010-11-4,2015-12-23
4678,43,4678,2010-3-15,2020-1-27
4679,5,4679,2011-7-14,2023-2-12
4680,1,4680,2010-12-17,2022-2-12
4681,15,4681,2010-12-1,2019-5-10
4682,85,4682,2011-9-28,2016-10-27
4683,90,4683,2011-10-4,2015-2-24
4684,44,4684,2011-4-3,2016-12-3
4685,47,4685,2011-6-3,2024-2-15
4686,13,4686,2011-9-15,2023-12-1
4687,73,4687,2011-12-4,2018-9-5
4688,30,4688,2011-10-18,2024-7-23
4689,47,4689,2010-2-27,2024-12-12
4690,66,4690,2011-6-9,2020-5-8
4691,47,4691,2011-10-12,2023-7-23
4692,95,4692,2010-4-22,2020-6-25
4693,94,4693,2011-6-5,2017-3-16
4694,96,4694,2010-12-5,2022-5-7
4695,4,4695,2011-6-1,2020-11-28
4696,24,4696,2011-2-24,2023-6-4
4697,16,4697,2011-12-3,2017-3-1
4698,19,4698,2011-12-6,2024-8-25
4699,45,4699,2010-9-14,2022-8-3
4700,31,4700,2010-11-7,2015-6-13
4701,86,4701,2011-9-25,2025-10-10
4702,27,4702,2010-2-17,2019-9-4
4703,40,4703,2010-12-2,2025-5-24
4704,58,4704,2011-10-21,2020-7-3
4705,90,4705,2011-8-12,2015-2-18
4706,96,4706,2010-12-22,2023-9-22
4707,61,4707,2010-1-7,2019-4-7
4708,68,4708,2011-8-27,2025-2-3
4709,69,4709,2011-3-1,2022-2-3
4710,68,4710,2011-5-3,2020-6-28
4711,14,4711,2010-8-20,2016-6-6
4712,39,4712,2011-6-22,2015-8-16
4713,85,4713,2010-10-6,2022-7-27
4714,4,4714,2010-10-18,2022-11-16
4715,49,4715,2011-4-12,2015-3-10
4716,17,4716,2010-4-5,2017-12-11
4717,37,4717,2011-12-19,2019-10-6
4718,23,4718,2010-6-15,2018-8-14
4719,94,4719,2011-4-22,2020-2-7
4720,34,4720,2011-7-28,2015-5-2
4721,21,4721,2011-6-21,2021-11-19
4722,36,4722,2010-6-9,2021-1-10
4723,73,4723,2011-5-1,2018-1-3
4724,33,4724,2011-9-27,2017-4-25
4725,7,4725,2010-7-21,2020-11-5
4726,80,4726,2011-2-10,2022-8-21
4727,82,4727,2011-10-3,2022-4-10
4728,40,4728,2011-11-3,2018-6-3
4729,29,4729,2010-4-21,2019-2-13
4730,64,4730,2010-6-18,2021-6-7
4731,25,4731,2010-7-24,2021-8-19
4732,82,4732,2010-3-2,2020-1-2
4733,87,4733,2011-3-2,2017-11-17
4734,74,4734,2011-8-18,2024-2-18
4735,74,4735,2011-7-21,2024-3-16
4736,51,4736,2011-11-3,2025-5-12
4737,52,4737,2011-12-26,2017-5-18
4738,83,4738,2010-7-6,2021-4-25
4739,7,4739,2011-8-25,2015-11-8
4740,51,4740,2011-9-28,2023-3-23
4741,95,4741,2011-5-27,2021-12-21
4742,58,4742,2010-8-1,2015-9-27
4743,56,4743,2011-12-14,2018-4-11
4744,18,4744,2010-4-28,2017-8-21
4745,96,4745,2011-7-7,2017-4-16
4746,43,4746,2010-8-3,2021-7-14
4747,42,4747,2010-9-26,2021-1-22
4748,97,4748,2010-5-16,2018-7-12
4749,72,4749,2010-4-19,2016-1-12
4750,26,4750,2011-3-24,2024-5-19
4751,54,4751,2011-4-25,2022-10-23
4752,69,4752,2011-7-17,2019-10-20
4753,34,4753,2010-8-16,2020-5-7
4754,10,4754,2010-11-3,2022-5-6
4755,52,4755,2011-4-8,2016-12-18
4756,9,4756,2011-7-15,2021-9-10
4757,56,4757,2010-5-5,2022-9-24
4758,1,4758,2011-5-24,2024-2-17
4759,98,4759,2011-5-2,2019-10-19
4760,12,4760,2011-2-1,2016-12-15
4761,26,4761,2011-11-28,2020-2-20
4762,5,4762,2011-1-26,2023-7-21
4763,67,4763,2011-3-22,2022-1-17
4764,89,4764,2010-1-24,2024-10-8
4765,32,4765,2010-7-3,2022-8-7
4766,39,4766,2010-4-10,2025-5-26
4767,51,4767,2011-4-25,2022-5-27
4768,5,4768,2011-3-6,2016-10-5
4769,66,4769,2010-10-2,2025-4-16
4770,39,4770,2011-11-14,2022-11-4
4771,50,4771,2011-7-7,2025-2-1
4772,94,4772,2011-10-28,2022-9-22
4773,96,4773,2011-9-1,2025-10-10
4774,87,4774,2011-1-24,2018-12-28
4775,51,4775,2011-4-20,2025-11-11
4776,36,4776,2010-6-3,2016-10-20
4777,98,4777,2010-12-3,2018-10-4
4778,49,4778,2011-4-6,2024-8-23
4779,27,4779,2011-1-26,2018-7-22
4780,70,4780,2010-6-19,2021-4-22
4781,55,4781,2010-12-20,2023-5-3
4782,4,4782,2010-2-28,2025-2-8
4783,33,4783,2011-9-22,2025-9-2
4784,62,4784,2010-3-20,2023-11-23
4785,72,4785,2011-6-24,2021-10-7
4786,1,4786,2011-11-26,2018-8-13
4787,40,4787,2011-5-2,2015-10-10
4788,56,4788,2011-12-7,2022-4-16
4789,24,4789,2011-7-10,2025-6-2
4790,7,4790,2011-1-9,2022-12-15
4791,14,4791,2011-7-11,2022-10-22
4792,68,4792,2010-1-8,2021-3-6
4793,94,4793,2011-12-21,2024-7-4
4794,94,4794,2010-1-25,2021-7-4
4795,48,4795,2011-11-16,2023-12-26
4796,79,4796,2011-10-23,2024-11-2
4797,91,4797,2011-11-7,2016-6-8
4798,42,4798,2011-9-9,2023-6-27
4799,12,4799,2011-12-7,2022-1-6
4800,93,4800,2010-10-9,2025-2-12
4801,70,4801,2011-4-21,2016-1-24
4802,73,4802,2011-12-3,2023-11-7
4803,4,4803,2010-2-4,2017-12-10
4804,81,4804,2011-10-13,2024-12-13
4805,59,4805,2011-1-13,2020-8-5
4806,59,4806,2011-2-18,2020-10-21
4807,47,4807,2011-9-18,2015-11-18
4808,59,4808,2010-9-15,2017-1-22
4809,53,4809,2010-1-1,2019-9-13
4810,60,4810,2011-12-12,2025-9-27
4811,95,4811,2011-10-28,2017-3-19
4812,28,4812,2010-2-17,2019-11-23
4813,21,4813,2010-9-14,2024-1-9
4814,60,4814,2010-8-21,2020-1-23
4815,51,4815,2010-2-5,2016-3-5
4816,80,4816,2010-12-25,2019-10-1
4817,49,4817,2011-10-6,2017-7-28
4818,94,4818,2010-8-14,2021-11-25
4819,62,4819,2010-9-1,2023-9-3
4820,54,4820,2011-10-28,2018-12-8
4821,100,4821,2011-5-6,2015-7-4
4822,6,4822,2011-4-17,2023-11-2
4823,13,4823,2010-3-12,2018-6-15
4824,92,4824,2010-8-23,2024-11-12
4825,91,4825,2010-4-10,2018-3-26
4826,66,4826,2011-1-17,2017-6-4
4827,31,4827,2010-12-28,2019-1-18
4828,40,4828,2010-8-26,2017-8-19
4829,79,4829,2011-4-2,2025-10-8
4830,4,4830,2010-11-15,2020-12-11
4831,65,4831,2010-6-16,2021-6-3
4832,85,4832,2010-10-7,2025-9-15
4833,54,4833,2010-7-25,2016-3-14
4834,98,4834,2010-1-18,2016-6-18
4835,92,4835,2010-1-24,2022-11-6
4836,62,4836,2010-7-28,2019-1-19
4837,56,4837,2011-9-15,2022-6-5
4838,40,4838,2011-9-7,2020-3-12
4839,53,4839,2011-1-6,2017-8-23
4840,36,4840,2010-10-4,2024-10-11
4841,30,4841,2010-7-8,2024-8-20
4842,36,4842,2011-9-24,2020-10-19
4843,23,4843,2010-5-12,2016-4-10
4844,5,4844,2011-2-26,2021-6-2
4845,32,4845,2011-1-17,2016-3-2
4846,79,4846,2011-11-11,2023-2-14
4847,31,4847,2010-11-23,2025-3-6
4848,62,4848,2011-5-11,2016-5-4
4849,28,4849,2010-7-14,2022-11-26
4850,84,4850,2010-6-24,2018-2-13
4851,58,4851,2010-5-15,2024-9-18
4852,33,4852,2011-8-12,2024-12-8
4853,61,4853,2011-12-13,2017-7-23
4854,39,4854,2010-5-7,2015-5-1
4855,80,4855,2010-3-28,2019-12-3
4856,59,4856,2010-11-24,2017-3-27
4857,59,4857,2010-1-24,2025-2-7
4858,14,4858,2011-4-1,2019-10-25
4859,18,4859,2011-4-1,2018-2-3
4860,53,4860,2011-8-12,2019-11-2
4861,29,4861,2011-3-21,2020-3-18
4862,57,4862,2010-8-15,2015-5-9
4863,31,4863,2011-3-17,2024-12-8
4864,93,4864,2010-9-24,2021-6-14
4865,73,4865,2010-12-17,2017-10-10
4866,56,4866,2010-7-12,2020-10-10
4867,28,4867,2010-12-21,2022-1-5
4868,78,4868,2010-12-9,2022-11-17
4869,57,4869,2010-3-9,2016-8-17
4870,44,4870,2011-9-22,2017-9-27
4871,44,4871,2010-4-9,2019-3-8
4872,38,4872,2010-2-6,2023-8-11
4873,1,4873,2010-9-24,2024-10-6
4874,26,4874,2011-3-14,2024-6-26
4875,4,4875,2011-3-2,2025-1-5
4876,25,4876,2011-2-24,2025-6-6
4877,31,4877,2010-6-15,2023-2-14
4878,88,4878,2011-4-25,2016-4-16
4879,50,4879,2010-8-20,2020-4-27
4880,20,4880,2011-5-2,2025-10-13
4881,28,4881,2010-5-22,2016-5-7
4882,66,4882,2011-4-2,2021-5-24
4883,22,4883,2011-2-12,2021-12-13
4884,66,4884,2011-6-27,2024-5-22
4885,78,4885,2011-1-26,2017-5-3
4886,78,4886,2011-9-15,2018-6-7
4887,41,4887,2010-2-17,2023-8-11
4888,28,4888,2011-11-13,2024-7-12
4889,26,4889,2011-12-21,2017-4-22
4890,70,4890,2010-2-22,2023-11-18
4891,75,4891,2010-6-26,2025-6-13
4892,89,4892,2010-12-13,2016-12-13
4893,94,4893,2011-2-15,2020-10-19
4894,9,4894,2011-6-2,2018-1-11
4895,56,4895,2010-12-25,2018-1-26
4896,9,4896,2011-8-1,2015-2-28
4897,62,4897,2011-5-20,2019-7-6
4898,2,4898,2011-4-17,2020-7-14
4899,56,4899,2010-7-20,2024-11-14
4900,89,4900,2010-6-24,2016-10-4
4901,59,4901,2010-3-28,2018-4-13
4902,93,4902,2011-7-3,2017-5-7
4903,34,4903,2011-1-3,2021-12-6
4904,72,4904,2011-1-14,2020-2-2
4905,17,4905,2011-1-27,2023-7-28
4906,46,4906,2011-9-1,2024-10-3
4907,78,4907,2011-4-22,2025-4-20
4908,10,4908,2010-6-5,2022-4-7
4909,22,4909,2010-7-15,2024-12-17
4910,65,4910,2011-10-20,2017-7-14
4911,18,4911,2010-4-12,2017-2-12
4912,68,4912,2011-2-26,2023-5-3
4913,65,4913,2011-2-4,2025-6-7
4914,55,4914,2011-9-16,2016-8-27
4915,61,4915,2010-1-26,2020-4-20
4916,35,4916,2010-6-1,2021-9-24
4917,100,4917,2011-5-9,2015-5-1
4918,65,4918,2010-10-20,2021-11-6
4919,25,4919,2011-7-20,2017-7-22
4920,88,4920,2010-9-24,2018-12-19
4921,86,4921,2010-4-3,2020-1-9
4922,16,4922,2010-10-22,2017-4-17
4923,78,4923,2010-3-8,2020-12-14
4924,47,4924,2011-11-1,2020-11-1
4925,77,4925,2010-4-4,2023-8-11
4926,22,4926,2010-8-20,2017-2-15
4927,99,4927,2011-11-17,2017-4-17
4928,63,4928,2010-7-16,2023-9-8
4929,80,4929,2010-2-4,2019-9-8
4930,58,4930,2010-9-10,2021-9-21
4931,50,4931,2011-4-1,2022-8-23
4932,22,4932,2010-6-7,2016-3-3
4933,41,4933,2010-1-4,2023-5-17
4934,5,4934,2010-12-11,2016-9-10
4935,88,4935,2011-12-18,2016-5-12
4936,44,4936,2011-12-23,2020-1-21
4937,75,4937,2010-11-20,2020-11-2
4938,11,4938,2010-12-16,2020-3-24
4939,88,4939,2010-1-18,2022-2-9
4940,13,4940,2010-4-10,2024-12-11
4941,90,4941,2011-6-9,2020-5-10
4942,88,4942,2010-8-8,2022-8-4
4943,13,4943,2011-9-18,2023-3-6
4944,61,4944,2011-10-19,2022-3-10
4945,48,4945,2011-10-2,2018-11-24
4946,6,4946,2010-3-5,2018-7-18
4947,67,4947,2010-7-4,2021-5-12
4948,80,4948,2011-9-13,2017-6-15
4949,37,4949,2010-11-7,2018-2-24
4950,31,4950,2011-10-28,2025-8-12
4951,9,4951,2011-9-14,2017-4-24
4952,1,4952,2011-10-5,2024-10-24
4953,98,4953,2010-10-11,2022-4-27
4954,93,4954,2011-6-20,2021-2-5
4955,96,4955,2011-9-6,2018-9-13
4956,59,4956,2010-11-10,2017-4-27
4957,9,4957,2011-5-28,2018-5-28
4958,50,4958,2011-3-18,2016-4-23
4959,89,4959,2011-7-22,2017-11-25
4960,51,4960,2011-3-4,2023-12-12
4961,85,4961,2011-7-7,2019-10-6
4962,75,4962,2011-10-18,2018-2-27
4963,12,4963,2010-5-3,2016-4-8
4964,58,4964,2010-6-6,2022-9-20
4965,1,4965,2011-6-25,2017-9-8
4966,9,4966,2011-10-28,2024-1-8
4967,43,4967,2010-2-15,2017-6-24
4968,3,4968,2010-4-12,2015-7-19
4969,95,4969,2011-5-11,2023-2-27
4970,97,4970,2011-12-28,2022-2-4
4971,57,4971,2011-3-25,2015-9-8
4972,33,4972,2011-7-7,2018-10-22
4973,43,4973,2010-2-6,2016-11-15
4974,97,4974,2010-1-21,2015-2-20
4975,48,4975,2010-1-18,2024-9-16
4976,90,4976,2010-2-3,2022-11-22
4977,59,4977,2011-5-5,2019-1-20
4978,78,4978,2011-8-7,2024-7-9
4979,93,4979,2010-1-5,2023-1-20
4980,98,4980,2010-6-24,2018-9-28
4981,13,4981,2010-7-4,2016-12-18
4982,48,4982,2011-6-15,2022-3-9
4983,15,4983,2011-5-16,2017-6-8
4984,71,4984,2011-3-25,2018-9-21
4985,24,4985,2011-10-2,2025-6-2
4986,43,4986,2011-9-12,2019-4-20
4987,56,4987,2011-11-8,2017-9-22
4988,75,4988,2011-9-24,2023-1-17
4989,18,4989,2011-4-24,2019-11-25
4990,97,4990,2010-11-28,2021-11-7
4991,70,4991,2010-3-2,2022-2-9
4992,64,4992,2011-9-17,2022-10-22
4993,2,4993,2010-10-20,2023-6-25
4994,2,4994,2010-9-15,2017-12-22
4995,71,4995,2011-6-19,2018-9-2
4996,39,4996,2010-4-12,2020-12-27
4997,8,4997,2011-4-8,2020-4-1
4998,2,4998,2010-5-2,2017-6-27
4999,31,4999,2011-11-14,2022-12-20
5000,60,5000,2011-7-23,2019-6-28
5001,2,5001,2011-8-16,2015-10-20
5002,76,5002,2011-2-6,2018-10-19
5003,72,5003,2010-11-4,2021-4-14
5004,42,5004,2010-8-3,2015-4-8
5005,22,5005,2011-10-6,2016-9-17
5006,40,5006,2011-3-25,2017-8-24
5007,100,5007,2010-3-18,2020-10-15
5008,27,5008,2011-1-24,2023-4-4
5009,68,5009,2011-11-13,2018-4-6
5010,7,5010,2011-6-9,2024-6-7
5011,17,5011,2011-6-18,2021-12-24
5012,8,5012,2010-2-9,2024-5-11
5013,37,5013,2010-8-12,2022-4-1
5014,96,5014,2011-2-12,2025-9-27
5015,18,5015,2011-2-26,2016-11-28
5016,4,5016,2010-7-27,2021-1-5
5017,48,5017,2010-11-13,2018-11-7
5018,62,5018,2010-6-14,2018-12-26
5019,51,5019,2011-3-20,2020-2-24
5020,99,5020,2010-2-11,2016-2-17
5021,96,5021,2011-6-7,2018-7-1
5022,54,5022,2010-8-25,2022-3-13
5023,10,5023,2010-3-28,2024-4-5
5024,28,5024,2011-10-26,2020-1-15
5025,1,5025,2011-8-3,2017-12-18
5026,71,5026,2010-4-13,2025-4-19
5027,57,5027,2011-9-12,2021-1-24
5028,65,5028,2010-6-21,2018-5-25
5029,78,5029,2010-7-10,2017-3-3
5030,73,5030,2010-6-10,2019-8-20
5031,44,5031,2011-6-23,2023-4-16
5032,35,5032,2010-3-17,2021-9-11
5033,34,5033,2010-3-19,2022-9-7
5034,1,5034,2011-3-22,2017-7-21
5035,75,5035,2010-2-25,2021-4-18
5036,73,5036,2010-3-25,2017-4-12
5037,44,5037,2010-4-8,2025-8-25
5038,23,5038,2011-6-14,2015-3-9
5039,81,5039,2011-11-10,2023-10-6
5040,7,5040,2011-2-12,2021-2-15
5041,18,5041,2010-2-28,2015-8-8
5042,77,5042,2011-11-4,2020-8-19
5043,37,5043,2011-4-6,2019-12-11
5044,90,5044,2011-11-18,2017-12-13
5045,3,5045,2010-7-25,2017-11-20
5046,28,5046,2010-8-17,2016-1-16
5047,42,5047,2010-1-25,2022-3-3
5048,24,5048,2011-1-1,2024-1-20
5049,86,5049,2010-9-12,2025-12-22
5050,88,5050,2010-11-23,2023-12-2
5051,91,5051,2010-9-8,2021-12-25
5052,97,5052,2011-3-6,2024-3-6
5053,40,5053,2011-11-12,2016-7-18
5054,46,5054,2010-7-19,2021-6-19
5055,74,5055,2010-3-21,2022-1-3
5056,98,5056,2010-4-19,2025-5-9
5057,40,5057,2011-8-13,2019-12-7
5058,1,5058,2011-11-12,2015-2-16
5059,38,5059,2010-10-14,2018-12-27
5060,89,5060,2010-5-22,2025-4-23
5061,81,5061,2011-8-5,2019-12-4
5062,4,5062,2010-6-18,2016-1-21
5063,3,5063,2010-8-7,2016-11-18
5064,19,5064,2011-5-12,2023-7-6
5065,97,5065,2011-3-20,2024-7-20
5066,23,5066,2010-3-18,2015-12-26
5067,96,5067,2011-4-11,2018-12-12
5068,80,5068,2010-12-3,2015-1-25
5069,87,5069,2010-9-7,2016-5-7
5070,46,5070,2011-1-17,2021-12-18
5071,89,5071,2010-11-5,2023-11-23
5072,3,5072,2011-9-13,2021-1-21
5073,39,5073,2010-2-8,2018-1-17
5074,49,5074,2010-9-14,2024-9-24
5075,50,5075,2010-5-5,2017-8-14
5076,78,5076,2010-11-10,2017-5-21
5077,98,5077,2011-5-5,2019-11-27
5078,48,5078,2010-8-8,2024-2-15
5079,94,5079,2010-11-18,2020-3-25
5080,11,5080,2010-12-17,2017-8-15
5081,32,5081,2011-10-8,2023-12-24
5082,17,5082,2011-3-7,2024-1-20
5083,70,5083,2010-9-2,2018-8-14
5084,8,5084,2010-4-5,2018-12-28
5085,54,5085,2011-2-12,2024-4-19
5086,36,5086,2011-3-9,2024-11-18
5087,67,5087,2011-3-23,2023-12-9
5088,47,5088,2010-8-12,2019-10-4
5089,93,5089,2010-4-18,2019-4-25
5090,98,5090,2011-12-19,2019-11-21
5091,64,5091,2011-12-17,2023-3-28
5092,76,5092,2011-12-19,2025-5-24
5093,41,5093,2010-5-19,2022-3-5
5094,77,5094,2010-5-19,2022-4-6
5095,51,5095,2011-2-22,2015-8-16
5096,52,5096,2010-9-8,2019-1-24
5097,12,5097,2010-9-12,2016-4-10
5098,75,5098,2010-1-21,2023-9-3
5099,31,5099,2011-7-24,2019-6-27
5100,5,5100,2011-7-27,2025-1-27
5101,23,5101,2010-1-22,2024-10-12
5102,98,5102,2011-10-10,2025-10-24
5103,43,5103,2010-11-10,2017-11-22
5104,32,5104,2011-12-15,2019-7-10
5105,19,5105,2010-10-19,2021-12-3
5106,72,5106,2011-5-20,2015-12-12
5107,40,5107,2011-6-4,2023-12-20
5108,35,5108,2011-8-14,2020-10-14
5109,78,5109,2010-4-22,2017-6-17
5110,54,5110,2011-10-8,2020-12-14
5111,79,5111,2010-6-14,2020-8-23
5112,89,5112,2011-11-2,2016-7-27
5113,64,5113,2011-3-20,2022-11-20
5114,26,5114,2010-1-2,2021-10-4
5115,88,5115,2010-9-22,2023-3-19
5116,85,5116,2011-8-12,2019-2-6
5117,77,5117,2010-7-17,2022-12-15
5118,71,5118,2010-10-26,2022-2-18
5119,41,5119,2011-12-4,2015-2-18
5120,48,5120,2011-9-11,2017-8-4
5121,98,5121,2010-8-28,2020-2-18
5122,68,5122,2011-5-6,2022-2-5
5123,87,5123,2010-1-17,2019-1-5
5124,95,5124,2011-12-8,2022-3-27
5125,6,5125,2011-3-13,2025-3-3
5126,3,5126,2010-12-19,2017-3-13
5127,70,5127,2011-11-10,2023-11-17
5128,47,5128,2010-11-5,2020-3-13
5129,75,5129,2011-8-5,2015-1-2
5130,23,5130,2010-5-15,2025-9-4
5131,25,5131,2011-7-9,2016-2-24
5132,98,5132,2010-6-28,2015-10-13
5133,93,5133,2011-7-17,2023-4-5
5134,41,5134,2010-6-24,2025-8-9
5135,57,5135,2011-6-10,2019-9-21
5136,68,5136,2010-12-4,2017-2-27
5137,69,5137,2010-2-27,2015-5-7
5138,79,5138,2010-7-1,2025-4-6
5139,85,5139,2011-11-13,2016-10-22
5140,60,5140,2010-10-1,2016-8-21
5141,36,5141,2011-1-16,2025-9-18
5142,12,5142,2010-12-23,2025-10-1
5143,66,5143,2011-1-2,2025-6-11
5144,60,5144,2011-11-19,2019-5-19
5145,76,5145,2011-5-21,2019-12-3
5146,52,5146,2010-11-25,2021-12-25
5147,60,5147,2011-1-16,2021-8-26
5148,88,5148,2011-4-11,2025-11-22
5149,28,5149,2010-5-26,2025-8-9
5150,39,5150,2011-8-25,2022-5-5
5151,85,5151,2010-10-6,2024-5-10
5152,16,5152,2011-8-25,2023-11-21
5153,57,5153,2011-6-23,2018-1-26
5154,2,5154,2010-11-13,2021-4-5
5155,19,5155,2010-6-9,2019-5-1
5156,84,5156,2011-1-11,2016-3-17
5157,31,5157,2010-4-15,2017-1-23
5158,35,5158,2010-1-1,2016-2-20
5159,65,5159,2011-6-4,2019-9-15
5160,36,5160,2010-4-21,2020-9-22
5161,61,5161,2011-5-10,2019-2-10
5162,74,5162,2011-1-4,2016-6-4
5163,10,5163,2011-5-2,2021-6-9
5164,75,5164,2011-10-19,2015-12-8
5165,84,5165,2010-5-20,2016-7-2
5166,59,5166,2011-3-19,2018-7-18
5167,54,5167,2011-9-1,2016-3-8
5168,49,5168,2011-9-15,2021-8-21
5169,94,5169,2010-2-17,2019-2-18
5170,70,5170,2011-12-4,2021-6-2
5171,47,5171,2011-6-22,2018-3-15
5172,27,5172,2010-2-3,2025-9-26
5173,83,5173,2010-11-18,2021-11-11
5174,67,5174,2010-4-4,2025-1-10
5175,73,5175,2010-4-11,2023-3-25
5176,6,5176,2011-2-27,2021-11-23
5177,15,5177,2010-12-24,2024-10-14
5178,22,5178,2011-12-7,2018-4-9
5179,35,5179,2010-11-10,2019-11-23
5180,35,5180,2011-5-23,2020-12-12
5181,68,5181,2011-4-12,2016-10-4
5182,74,5182,2011-8-1,2024-11-9
5183,77,5183,2010-3-25,2016-1-14
5184,72,5184,2010-1-9,2024-9-12
5185,26,5185,2010-3-11,2017-12-3
5186,34,5186,2010-4-3,2016-1-15
5187,36,5187,2011-3-16,2015-3-16
5188,82,5188,2010-5-14,2018-2-15
5189,26,5189,2011-4-25,2023-4-28
5190,78,5190,2011-8-15,2020-3-7
5191,47,5191,2010-1-5,2018-6-14
5192,21,5192,2010-3-5,2019-4-10
5193,93,5193,2011-10-8,2015-9-16
5194,3,5194,2011-2-26,2019-11-20
5195,18,5195,2010-2-16,2015-12-22
5196,58,5196,2010-5-27,2022-6-21
5197,67,5197,2010-9-1,2021-5-5
5198,2,5198,2011-10-23,2019-4-18
5199,41,5199,2011-5-25,2015-3-3
5200,31,5200,2011-8-24,2016-8-10
5201,67,5201,2010-3-23,2017-5-24
5202,84,5202,2010-8-24,2019-5-26
5203,100,5203,2010-3-8,2022-6-10
5204,98,5204,2010-2-26,2023-2-28
5205,61,5205,2010-7-2,2015-1-4
5206,20,5206,2011-6-17,2025-8-10
5207,79,5207,2010-12-17,2024-12-11
5208,73,5208,2011-10-1,2025-11-1
5209,80,5209,2011-12-13,2018-9-23
5210,8,5210,2010-1-21,2015-2-22
5211,63,5211,2010-7-27,2022-4-21
5212,30,5212,2010-5-27,2023-12-4
5213,99,5213,2010-3-27,2021-6-19
5214,71,5214,2011-2-16,2017-1-10
5215,90,5215,2010-11-8,2018-11-26
5216,60,5216,2011-10-10,2022-5-4
5217,98,5217,2010-1-17,2024-11-9
5218,98,5218,2010-12-26,2020-10-28
5219,61,5219,2010-11-12,2024-2-22
5220,85,5220,2011-10-23,2024-3-21
5221,32,5221,2011-8-2,2024-5-26
5222,55,5222,2010-8-27,2019-5-22
5223,76,5223,2010-11-23,2016-3-24
5224,39,5224,2011-1-11,2023-1-20
5225,78,5225,2011-10-9,2018-6-15
5226,58,5226,2010-2-15,2021-11-28
5227,26,5227,2011-11-5,2020-11-24
5228,90,5228,2011-8-7,2019-3-1
5229,43,5229,2011-5-7,2021-6-1
5230,1,5230,2011-9-2,2021-12-7
5231,47,5231,2010-11-19,2025-6-3
5232,85,5232,2011-3-13,2023-2-17
5233,82,5233,2011-12-21,2021-6-17
5234,32,5234,2011-5-24,2021-12-8
5235,28,5235,2010-3-9,2023-6-3
5236,68,5236,2010-3-24,2018-3-10
5237,34,5237,2011-9-2,2016-6-13
5238,67,5238,2011-7-16,2024-8-1
5239,26,5239,2011-7-10,2024-11-6
5240,41,5240,2010-2-13,2018-8-8
5241,5,5241,2010-2-13,2025-2-21
5242,57,5242,2010-12-19,2017-1-28
5243,59,5243,2010-8-6,2024-1-26
5244,81,5244,2011-7-21,2016-3-27
5245,88,5245,2011-2-7,2015-10-19
5246,37,5246,2011-2-13,2022-10-16
5247,10,5247,2011-10-21,2024-6-12
5248,45,5248,2010-9-16,2021-1-24
5249,66,5249,2011-8-27,2017-10-24
5250,47,5250,2010-12-13,2024-12-12
5251,38,5251,2010-8-12,2025-10-2
5252,58,5252,2010-9-26,2023-2-4
5253,80,5253,2010-6-27,2020-7-5
5254,18,5254,2010-5-26,2018-10-18
5255,37,5255,2010-5-1,2015-5-16
5256,72,5256,2011-8-6,2020-11-20
5257,44,5257,2011-12-8,2025-2-20
5258,66,5258,2010-2-3,2022-5-19
5259,55,5259,2010-6-12,2019-4-8
5260,54,5260,2010-9-25,2017-6-2
5261,5,5261,2011-5-17,2017-2-21
5262,65,5262,2011-9-6,2019-7-17
5263,36,5263,2010-12-15,2025-6-18
5264,52,5264,2010-8-9,2022-11-24
5265,7,5265,2011-9-17,2025-5-1
5266,12,5266,2010-5-4,2024-4-24
5267,11,5267,2010-2-17,2019-6-14
5268,35,5268,2010-2-25,2016-10-5
5269,72,5269,2011-2-25,2016-12-9
5270,30,5270,2011-3-7,2023-1-17
5271,24,5271,2011-3-8,2017-1-21
5272,58,5272,2011-3-21,2022-6-17
5273,37,5273,2011-3-15,2019-1-4
5274,57,5274,2011-5-19,2024-11-28
5275,90,5275,2010-8-13,2024-11-27
5276,45,5276,2010-4-17,2018-4-3
5277,11,5277,2010-3-8,2022-1-21
5278,83,5278,2010-4-1,2024-2-16
5279,97,5279,2011-12-22,2016-5-4
5280,61,5280,2011-9-18,2019-6-6
5281,89,5281,2011-10-10,2025-5-13
5282,42,5282,2010-7-5,2023-10-12
5283,23,5283,2010-12-28,2017-10-2
5284,59,5284,2011-10-10,2020-10-8
5285,13,5285,2011-8-5,2016-9-17
5286,51,5286,2011-11-17,2019-3-9
5287,59,5287,2011-8-26,2017-8-19
5288,28,5288,2010-2-9,2015-4-28
5289,94,5289,2011-12-7,2022-10-21
5290,98,5290,2011-3-16,2024-10-13
5291,100,5291,2010-7-20,2022-4-1
5292,100,5292,2011-11-20,2016-4-11
5293,60,5293,2011-10-23,2019-3-24
5294,30,5294,2011-9-15,2020-11-13
5295,18,5295,2011-11-14,2022-8-24
5296,70,5296,2011-8-10,2018-2-27
5297,93,5297,2011-6-10,2015-5-7
5298,37,5298,2011-1-24,2016-9-16
5299,53,5299,2011-12-5,2025-6-26
5300,18,5300,2010-11-2,2018-4-19
5301,94,5301,2011-11-1,2025-11-5
5302,15,5302,2011-7-3,2019-12-13
5303,51,5303,2011-5-15,2018-10-27
5304,20,5304,2011-7-15,2021-3-11
5305,19,5305,2011-1-1,2019-11-3
5306,51,5306,2010-10-16,2020-1-21
5307,92,5307,2010-4-15,2021-9-28
5308,42,5308,2011-6-26,2015-6-6
5309,18,5309,2010-7-6,2021-7-13
5310,15,5310,2011-7-16,2023-4-27
5311,92,5311,2010-6-18,2022-6-20
5312,41,5312,2011-6-5,2025-10-19
5313,31,5313,2011-2-15,2017-10-26
5314,46,5314,2010-1-10,2016-10-9
5315,33,5315,2010-7-27,2016-10-13
5316,24,5316,2010-12-2,2021-10-13
5317,32,5317,2011-3-28,2024-5-14
5318,100,5318,2011-11-21,2019-3-7
5319,71,5319,2010-3-11,2023-3-11
5320,72,5320,2011-8-15,2022-5-13
5321,53,5321,2011-7-26,2016-7-2
5322,93,5322,2011-6-24,2020-6-19
5323,67,5323,2010-8-22,2019-9-4
5324,34,5324,2010-3-1,2018-8-4
5325,5,5325,2010-7-27,2025-1-10
5326,20,5326,2010-6-17,2020-12-16
5327,35,5327,2011-6-18,2016-3-15
5328,18,5328,2011-2-9,2015-12-24
5329,3,5329,2011-8-1,2022-6-1
5330,70,5330,2010-9-2,2015-6-4
5331,78,5331,2010-10-20,2023-3-22
5332,21,5332,2010-4-7,2022-8-20
5333,95,5333,2011-7-16,2016-9-10
5334,76,5334,2011-5-9,2017-1-26
5335,76,5335,2011-12-21,2022-2-5
5336,37,5336,2011-4-5,2024-12-9
5337,86,5337,2011-4-5,2021-8-27
5338,27,5338,2011-4-18,2022-12-12
5339,79,5339,2011-4-25,2015-3-23
5340,62,5340,2011-7-9,2025-10-25
5341,5,5341,2011-5-23,2017-7-7
5342,60,5342,2011-2-16,2017-10-20
5343,26,5343,2011-11-4,2023-8-24
5344,34,5344,2010-6-24,2020-10-2
5345,10,5345,2011-1-21,2017-8-14
5346,46,5346,2011-10-15,2021-9-16
5347,7,5347,2011-11-20,2020-4-21
5348,96,5348,2010-5-25,2015-7-11
5349,80,5349,2010-3-14,2016-7-7
5350,30,5350,2010-1-7,2019-8-8
5351,49,5351,2011-5-2,2019-4-27
5352,73,5352,2011-4-19,2020-11-15
5353,9,5353,2010-3-21,2019-10-5
5354,58,5354,2010-3-14,2025-10-26
5355,44,5355,2011-9-14,2016-9-21
5356,11,5356,2011-8-14,2018-7-18
5357,16,5357,2010-12-28,2024-7-5
5358,30,5358,2011-4-25,2019-10-4
5359,84,5359,2010-3-28,2017-12-16
5360,11,5360,2011-1-24,2025-6-16
5361,55,5361,2010-11-22,2015-10-27
5362,32,5362,2011-4-19,2020-12-13
5363,100,5363,2011-8-27,2017-7-14
5364,88,5364,2011-10-15,2025-8-6
5365,14,5365,2010-8-7,2020-10-28
5366,18,5366,2010-11-9,2017-4-4
5367,59,5367,2010-3-6,2020-12-24
5368,69,5368,2011-4-3,2016-5-9
5369,75,5369,2010-1-26,2016-2-3
5370,22,5370,2010-6-28,2017-1-15
5371,92,5371,2011-3-5,2023-1-19
5372,98,5372,2010-1-14,2024-1-22
5373,38,5373,2011-7-8,2025-1-23
5374,76,5374,2010-3-8,2015-5-6
5375,64,5375,2010-2-20,2022-3-3
5376,86,5376,2011-3-28,2019-4-13
5377,61,5377,2011-11-27,2021-12-2
5378,73,5378,2010-3-14,2015-1-19
5379,83,5379,2010-12-18,2020-11-28
5380,72,5380,2011-12-28,2017-5-17
5381,68,5381,2010-6-4,2024-12-27
5382,13,5382,2010-9-13,2021-10-10
5383,88,5383,2011-5-23,2021-8-16
5384,96,5384,2010-11-13,2016-2-16
5385,89,5385,2010-3-27,2021-4-22
5386,13,5386,2010-12-28,2020-11-23
5387,28,5387,2011-9-11,2022-10-6
5388,59,5388,2011-2-7,2021-8-20
5389,61,5389,2010-11-17,2016-7-11
5390,42,5390,2011-12-16,2022-7-17
5391,83,5391,2011-5-27,2021-9-22
5392,97,5392,2010-9-18,2017-6-16
5393,27,5393,2011-8-11,2024-2-19
5394,70,5394,2011-1-18,2018-12-22
5395,33,5395,2010-1-4,2018-1-20
5396,54,5396,2010-11-23,2020-1-25
5397,25,5397,2010-4-11,2017-9-18
5398,29,5398,2011-6-23,2022-8-24
5399,25,5399,2010-8-13,2018-2-2
5400,93,5400,2010-8-23,2023-3-19
5401,51,5401,2010-2-8,2020-1-11
5402,83,5402,2011-8-26,2017-5-8
5403,39,5403,2011-11-5,2017-9-4
5404,7,5404,2010-1-1,2018-12-15
5405,5,5405,2011-4-10,2024-5-19
5406,69,5406,2011-3-26,2021-8-1
5407,10,5407,2010-3-18,2016-1-21
5408,56,5408,2010-8-4,2024-10-11
5409,84,5409,2010-10-14,2023-9-13
5410,96,5410,2010-6-5,2015-3-27
5411,55,5411,2011-5-25,2025-4-3
5412,97,5412,2011-9-9,2020-2-21
5413,9,5413,2011-4-21,2023-7-5
5414,26,5414,2011-9-23,2025-10-6
5415,71,5415,2011-7-24,2017-7-15
5416,40,5416,2010-5-16,2019-7-27
5417,69,5417,2010-6-4,2024-8-23
5418,15,5418,2010-3-10,2019-11-25
5419,68,5419,2011-1-17,2019-11-7
5420,5,5420,2011-9-3,2022-12-4
5421,95,5421,2010-5-24,2018-10-7
5422,66,5422,2011-11-2,2025-8-7
5423,71,5423,2010-12-2,2018-12-14
5424,75,5424,2010-9-6,2017-8-9
5425,71,5425,2010-7-24,2018-11-23
5426,77,5426,2010-1-26,2015-9-26
5427,27,5427,2010-11-20,2016-6-23
5428,54,5428,2010-1-18,2024-8-2
5429,90,5429,2011-12-27,2019-9-8
5430,42,5430,2010-10-26,2021-3-1
5431,41,5431,2011-4-1,2018-5-3
5432,86,5432,2011-7-11,2018-4-15
5433,71,5433,2010-9-14,2017-1-6
5434,98,5434,2010-12-5,2018-3-5
5435,62,5435,2010-5-16,2022-4-24
5436,33,5436,2011-5-6,2025-5-27
5437,6,5437,2010-11-19,2025-8-19
5438,71,5438,2011-9-25,2024-9-10
5439,10,5439,2010-1-14,2020-5-1
5440,10,5440,2010-10-22,2017-10-9
5441,35,5441,2010-1-3,2016-8-4
5442,74,5442,2010-5-19,2015-2-14
5443,13,5443,2010-8-11,2021-10-26
5444,73,5444,2010-3-2,2022-5-2
5445,2,5445,2010-12-14,2021-3-10
5446,7,5446,2011-1-21,2019-9-2
5447,25,5447,2011-6-6,2019-5-5
5448,76,5448,2010-4-28,2023-11-15
5449,74,5449,2011-6-2,2025-8-1
5450,44,5450,2011-12-14,2018-1-19
5451,75,5451,2011-5-21,2015-1-20
5452,44,5452,2010-9-3,2025-11-10
5453,6,5453,2011-5-27,2020-5-2
5454,17,5454,2010-3-19,2017-9-6
5455,89,5455,2010-3-14,2021-4-26
5456,92,5456,2010-6-22,2025-10-15
5457,23,5457,2011-6-25,2016-1-14
5458,77,5458,2011-3-27,2018-8-2
5459,82,5459,2011-3-19,2018-5-11
5460,44,5460,2011-6-21,2020-4-27
5461,1,5461,2011-2-5,2019-8-20
5462,18,5462,2010-7-3,2020-4-20
5463,48,5463,2011-11-16,2017-5-20
5464,96,5464,2011-4-28,2017-3-26
5465,53,5465,2011-10-14,2024-6-14
5466,90,5466,2010-10-22,2021-7-8
5467,67,5467,2011-1-11,2023-8-28
5468,84,5468,2011-4-15,2025-5-8
5469,78,5469,2011-12-9,2024-8-19
5470,31,5470,2010-2-1,2019-7-4
5471,85,5471,2011-10-6,2018-6-22
5472,69,5472,2011-8-26,2019-10-5
5473,43,5473,2011-1-13,2016-6-28
5474,41,5474,2011-11-9,2024-1-2
5475,22,5475,2011-3-2,2024-10-8
5476,38,5476,2011-5-22,2025-6-2
5477,51,5477,2011-7-26,2023-12-18
5478,31,5478,2011-11-5,2020-1-22
5479,2,5479,2011-6-3,2021-7-1
5480,94,5480,2010-7-19,2023-6-8
5481,79,5481,2011-4-16,2020-11-21
5482,10,5482,2010-11-10,2024-5-23
5483,46,5483,2011-12-13,2022-2-10
5484,90,5484,2011-10-16,2022-11-13
5485,37,5485,2011-3-26,2015-5-25
5486,57,5486,2010-10-23,2017-6-20
5487,73,5487,2010-4-25,2018-7-25
5488,47,5488,2011-1-27,2015-4-19
5489,74,5489,2010-8-23,2022-7-3
5490,31,5490,2010-4-5,2016-7-23
5491,46,5491,2011-8-1,2015-5-5
5492,14,5492,2011-12-14,2016-1-18
5493,65,5493,2010-8-5,2023-7-18
5494,93,5494,2011-3-13,2025-3-11
5495,54,5495,2010-1-16,2017-9-13
5496,53,5496,2011-6-20,2018-8-23
5497,60,5497,2011-1-16,2022-4-27
5498,9,5498,2010-10-14,2023-7-21
5499,39,5499,2011-12-8,2017-2-12
5500,6,5500,2010-11-23,2016-3-3
5501,40,5501,2010-6-27,2023-4-11
5502,73,5502,2011-9-5,2019-5-23
5503,47,5503,2011-1-17,2023-5-8
5504,47,5504,2011-12-4,2023-7-16
5505,10,5505,2011-11-28,2019-3-17
5506,30,5506,2011-1-11,2016-5-1
5507,44,5507,2010-11-25,2024-2-20
5508,10,5508,2010-3-26,2017-2-6
5509,8,5509,2010-2-21,2015-5-26
5510,51,5510,2011-3-7,2025-10-28
5511,90,5511,2011-10-11,2015-11-19
5512,30,5512,2011-8-10,2023-11-14
5513,99,5513,2010-12-4,2015-7-20
5514,81,5514,2011-10-13,2019-10-11
5515,83,5515,2011-9-14,2022-9-10
5516,20,5516,2010-8-8,2025-10-18
5517,95,5517,2010-7-17,2016-11-21
5518,100,5518,2010-8-23,2022-1-18
5519,62,5519,2010-1-15,2020-1-5
5520,46,5520,2011-3-20,2025-11-12
5521,25,5521,2011-1-23,2017-11-24
5522,7,5522,2010-4-2,2020-7-22
5523,96,5523,2011-11-2,2024-5-20
5524,51,5524,2010-12-24,2024-4-4
5525,37,5525,2010-6-4,2018-5-22
5526,1,5526,2011-7-21,2025-11-17
5527,80,5527,2011-8-22,2020-8-15
5528,21,5528,2010-9-21,2021-6-25
5529,49,5529,2010-12-7,2018-6-20
5530,63,5530,2010-10-22,2017-2-14
5531,79,5531,2010-7-26,2025-6-10
5532,17,5532,2010-4-4,2015-8-21
5533,45,5533,2011-1-1,2016-1-12
5534,66,5534,2010-10-10,2022-8-16
5535,60,5535,2011-11-17,2016-11-21
5536,76,5536,2010-5-12,2023-8-24
5537,86,5537,2010-8-24,2019-12-2
5538,55,5538,2010-2-19,2019-2-22
5539,10,5539,2010-4-7,2021-1-10
5540,34,5540,2010-9-25,2025-12-4
5541,96,5541,2011-7-3,2017-4-10
5542,41,5542,2011-4-27,2021-2-5
5543,94,5543,2011-6-8,2021-1-25
5544,51,5544,2011-3-16,2015-3-18
5545,78,5545,2011-4-2,2018-2-19
5546,70,5546,2011-2-1,2015-2-10
5547,35,5547,2010-4-11,2020-8-11
5548,93,5548,2011-3-8,2019-12-14
5549,94,5549,2011-1-8,2016-8-6
5550,86,5550,2011-5-14,2017-7-28
5551,7,5551,2010-5-24,2015-2-15
5552,61,5552,2011-5-1,2017-12-5
5553,38,5553,2011-12-28,2024-8-8
5554,12,5554,2011-4-12,2023-10-9
5555,49,5555,2011-10-28,2016-6-20
5556,94,5556,2010-3-15,2018-2-20
5557,15,5557,2011-11-22,2020-5-8
5558,98,5558,2011-10-23,2019-6-3
5559,43,5559,2010-7-2,2017-3-12
5560,2,5560,2011-2-26,2024-12-24
5561,54,5561,2010-4-22,2021-9-8
5562,33,5562,2010-5-20,2018-6-7
5563,29,5563,2010-12-13,2017-4-25
5564,13,5564,2011-10-20,2017-1-27
5565,73,5565,2011-12-26,2018-6-13
5566,92,5566,2011-9-24,2019-5-10
5567,85,5567,2010-1-23,2018-6-25
5568,76,5568,2010-4-24,2017-9-10
5569,46,5569,2010-3-6,2015-10-17
5570,59,5570,2011-4-16,2018-3-14
5571,91,5571,2011-6-20,2025-3-23
5572,32,5572,2010-3-15,2021-5-14
5573,90,5573,2011-2-27,2021-5-15
5574,17,5574,2011-2-19,2019-12-8
5575,52,5575,2010-1-18,2018-7-8
5576,5,5576,2011-11-10,2015-8-27
5577,23,5577,2010-6-24,2022-9-7
5578,16,5578,2011-5-13,2020-2-20
5579,58,5579,2010-3-17,2020-9-28
5580,16,5580,2011-7-12,2023-2-27
5581,60,5581,2010-6-18,2018-2-2
5582,50,5582,2011-2-1,2015-9-24
5583,81,5583,2010-2-11,2018-6-17
5584,37,5584,2011-3-4,2019-5-11
5585,97,5585,2010-11-1,2023-9-12
5586,39,5586,2010-5-16,2017-8-19
5587,60,5587,2010-8-14,2017-2-27
5588,95,5588,2010-1-3,2016-1-2
5589,11,5589,2011-10-6,2023-11-21
5590,38,5590,2010-5-8,2018-4-1
5591,43,5591,2011-5-7,2024-8-20
5592,47,5592,2011-2-10,2020-7-15
5593,30,5593,2011-7-11,2016-7-21
5594,72,5594,2010-3-22,2017-5-8
5595,41,5595,2010-1-19,2015-10-26
5596,2,5596,2010-5-5,2015-6-3
5597,73,5597,2010-2-6,2016-5-27
5598,47,5598,2011-3-20,2024-12-26
5599,3,5599,2011-4-1,2016-4-8
5600,33,5600,2010-2-1,2025-11-18
5601,68,5601,2010-10-9,2015-11-11
5602,79,5602,2010-1-10,2016-3-24
5603,70,5603,2011-7-15,2020-9-17
5604,26,5604,2011-2-18,2018-8-11
5605,29,5605,2010-6-4,2015-5-18
5606,53,5606,2011-4-10,2024-9-21
5607,70,5607,2011-7-21,2016-11-17
5608,1,5608,2011-2-14,2023-11-11
5609,48,5609,2010-8-11,2022-8-16
5610,45,5610,2010-11-21,2022-10-4
5611,40,5611,2011-2-25,2025-6-7
5612,35,5612,2010-11-25,2022-7-3
5613,27,5613,2010-4-28,2021-4-5
5614,90,5614,2011-3-20,2023-12-25
5615,90,5615,2011-10-9,2020-6-6
5616,82,5616,2011-11-11,2021-4-4
5617,33,5617,2010-5-14,2017-6-7
5618,98,5618,2011-6-28,2020-11-5
5619,38,5619,2011-3-12,2023-9-11
5620,26,5620,2010-10-16,2023-4-17
5621,25,5621,2010-9-4,2020-7-18
5622,26,5622,2011-11-13,2016-7-19
5623,85,5623,2011-6-2,2017-7-5
5624,27,5624,2011-1-5,2024-4-17
5625,18,5625,2010-1-25,2015-12-6
5626,45,5626,2011-6-9,2025-11-22
5627,67,5627,2010-5-24,2019-3-24
5628,5,5628,2011-9-2,2017-5-24
5629,28,5629,2011-1-15,2025-5-5
5630,52,5630,2011-8-14,2021-3-25
5631,69,5631,2010-2-3,2025-1-17
5632,84,5632,2011-2-5,2019-8-16
5633,52,5633,2011-11-23,2015-1-8
5634,1,5634,2010-7-13,2024-5-20
5635,17,5635,2011-8-27,2025-6-16
5636,48,5636,2011-3-28,2018-3-1
5637,55,5637,2010-11-26,2020-7-25
5638,68,5638,2011-10-10,2015-11-20
5639,39,5639,2010-9-13,2022-8-11
5640,64,5640,2010-11-26,2017-5-9
5641,80,5641,2011-11-13,2021-4-10
5642,13,5642,2011-4-15,2025-1-27
5643,62,5643,2011-1-1,2018-2-2
5644,94,5644,2011-1-22,2016-9-14
5645,6,5645,2010-7-9,2018-5-7
5646,31,5646,2011-2-21,2015-7-9
5647,96,5647,2011-6-9,2025-12-3
5648,76,5648,2011-4-21,2019-3-11
5649,34,5649,2010-5-19,2018-9-28
5650,81,5650,2011-10-17,2017-7-7
5651,15,5651,2011-6-4,2017-6-1
5652,29,5652,2011-5-14,2019-2-25
5653,30,5653,2011-5-17,2018-10-21
5654,18,5654,2011-1-11,2023-4-4
5655,23,5655,2010-10-27,2023-3-17
5656,93,5656,2010-5-8,2015-12-14
5657,71,5657,2011-5-4,2019-9-14
5658,23,5658,2011-11-22,2021-9-6
5659,42,5659,2011-2-5,2022-5-15
5660,29,5660,2010-9-24,2016-3-10
5661,82,5661,2011-2-22,2019-5-22
5662,54,5662,2010-5-20,2016-4-20
5663,88,5663,2011-9-19,2019-10-21
5664,2,5664,2010-8-10,2022-8-23
5665,74,5665,2011-3-12,2023-10-4
5666,74,5666,2011-9-20,2023-10-4
5667,42,5667,2010-9-26,2017-2-19
5668,49,5668,2011-1-28,2019-11-2
5669,11,5669,2010-1-18,2023-11-5
5670,46,5670,2011-7-25,2018-2-7
5671,8,5671,2010-9-18,2015-3-21
5672,81,5672,2010-8-6,2018-4-9
5673,8,5673,2010-8-6,2019-2-9
5674,91,5674,2010-3-22,2023-5-16
5675,71,5675,2010-11-17,2019-12-11
5676,20,5676,2010-7-6,2025-6-24
5677,3,5677,2010-9-15,2019-9-23
5678,97,5678,2010-12-27,2015-5-23
5679,95,5679,2011-11-23,2017-2-20
5680,81,5680,2011-7-19,2024-12-17
5681,66,5681,2010-1-7,2019-5-19
5682,70,5682,2010-10-18,2022-3-3
5683,6,5683,2010-12-25,2023-9-19
5684,80,5684,2010-3-13,2025-6-23
5685,53,5685,2010-3-13,2022-7-27
5686,19,5686,2011-5-24,2015-4-5
5687,38,5687,2010-8-16,2022-11-1
5688,82,5688,2010-5-11,2023-3-4
5689,30,5689,2011-8-12,2022-12-25
5690,27,5690,2010-5-13,2022-5-26
5691,57,5691,2011-12-24,2023-10-9
5692,1,5692,2010-3-12,2025-9-15
5693,78,5693,2011-6-19,2024-7-15
5694,72,5694,2010-1-23,2016-4-8
5695,23,5695,2010-4-28,2018-6-8
5696,68,5696,2010-10-15,2023-4-23
5697,65,5697,2011-10-2,2022-2-21
5698,72,5698,2011-7-5,2015-11-1
5699,53,5699,2010-3-17,2016-4-1
5700,98,5700,2010-5-11,2019-5-7
5701,90,5701,2011-8-20,2022-7-18
5702,53,5702,2011-12-17,2018-2-24
5703,25,5703,2011-8-24,2016-10-21
5704,21,5704,2010-3-15,2018-8-27
5705,19,5705,2011-1-23,2021-9-11
5706,2,5706,2011-11-7,2017-9-14
5707,13,5707,2010-6-12,2024-3-17
5708,49,5708,2010-1-10,2015-12-5
5709,79,5709,2011-3-27,2019-10-28
5710,45,5710,2011-6-3,2022-2-28
5711,82,5711,2010-4-12,2021-10-20
5712,98,5712,2011-10-28,2017-11-1
5713,94,5713,2011-9-3,2024-11-10
5714,18,5714,2010-7-17,2021-4-17
5715,87,5715,2011-10-21,2022-11-1
5716,19,5716,2011-12-19,2022-6-9
5717,85,5717,2011-11-21,2021-2-14
5718,98,5718,2010-7-24,2018-11-18
5719,97,5719,2010-9-3,2021-3-18
5720,98,5720,2010-10-19,2020-1-26
5721,67,5721,2011-2-24,2016-9-27
5722,83,5722,2010-6-12,2017-12-12
5723,94,5723,2010-8-26,2024-8-2
5724,25,5724,2010-11-28,2021-11-26
5725,45,5725,2011-3-4,2016-12-4
5726,49,5726,2011-12-22,2019-10-10
5727,35,5727,2011-3-15,2020-1-3
5728,66,5728,2010-1-18,2022-6-24
5729,41,5729,2011-9-14,2019-12-6
5730,7,5730,2011-3-19,2016-12-19
5731,95,5731,2011-11-21,2023-6-9
5732,48,5732,2011-12-21,2017-2-27
5733,47,5733,2011-12-12,2015-8-20
5734,80,5734,2011-8-14,2023-10-7
5735,57,5735,2010-12-20,2021-10-19
5736,81,5736,2010-11-5,2016-11-18
5737,46,5737,2011-8-11,2021-10-3
5738,10,5738,2010-5-23,2016-9-15
5739,36,5739,2011-9-7,2021-2-8
5740,34,5740,2010-3-8,2018-12-16
5741,3,5741,2011-5-16,2017-12-24
5742,14,5742,2011-12-14,2025-8-11
5743,26,5743,2011-2-21,2018-12-5
5744,47,5744,2011-10-6,2024-4-16
5745,52,5745,2010-4-18,2015-11-22
5746,73,5746,2011-1-28,2016-7-18
5747,58,5747,2010-5-4,2015-4-27
5748,48,5748,2011-3-22,2021-10-6
5749,93,5749,2011-3-12,2022-2-21
5750,90,5750,2010-3-10,2023-7-23
5751,61,5751,2011-12-22,2017-4-27
5752,44,5752,2011-7-2,2024-2-18
5753,11,5753,2011-12-21,2016-1-1
5754,59,5754,2010-9-19,2016-12-3
5755,11,5755,2010-11-26,2024-7-5
5756,73,5756,2010-12-2,2023-11-3
5757,7,5757,2010-10-23,2020-1-23
5758,49,5758,2011-3-4,2017-4-8
5759,75,5759,2010-5-27,2021-3-18
5760,51,5760,2011-6-20,2016-9-2
5761,35,5761,2010-3-14,2019-6-6
5762,13,5762,2011-12-5,2019-7-17
5763,77,5763,2011-7-18,2021-12-27
5764,14,5764,2010-1-28,2019-8-3
5765,70,5765,2010-4-6,2025-4-26
5766,83,5766,2011-4-6,2015-5-25
5767,91,5767,2010-2-4,2015-12-20
5768,63,5768,2010-3-2,2017-2-27
5769,97,5769,2010-6-28,2023-10-4
5770,63,5770,2010-10-23,2022-3-15
5771,11,5771,2010-9-21,2021-10-16
5772,45,5772,2011-6-23,2016-7-14
5773,49,5773,2011-12-15,2024-5-8
5774,28,5774,2011-11-15,2019-6-4
5775,72,5775,2010-4-15,2021-11-25
5776,66,5776,2010-8-26,2016-4-8
5777,26,5777,2010-7-9,2018-6-10
5778,73,5778,2011-4-27,2016-6-6
5779,58,5779,2011-6-12,2019-10-1
5780,63,5780,2010-12-20,2022-4-10
5781,9,5781,2010-8-11,2018-2-3
5782,35,5782,2010-7-7,2016-2-6
5783,19,5783,2010-7-1,2022-11-21
5784,61,5784,2010-10-6,2017-6-1
5785,6,5785,2010-4-20,2020-2-8
5786,6,5786,2010-6-3,2023-1-13
5787,47,5787,2010-8-28,2017-10-18
5788,35,5788,2010-12-12,2025-5-3
5789,93,5789,2011-6-28,2020-2-26
5790,61,5790,2011-9-11,2019-11-22
5791,45,5791,2010-5-16,2021-6-19
5792,3,5792,2011-4-24,2016-9-11
5793,92,5793,2011-9-10,2023-9-7
5794,88,5794,2010-9-1,2017-6-2
5795,53,5795,2010-8-12,2018-6-12
5796,80,5796,2010-4-28,2020-12-15
5797,78,5797,2011-8-2,2017-11-16
5798,25,5798,2010-2-16,2024-3-17
5799,52,5799,2010-6-25,2018-7-19
5800,75,5800,2010-1-13,2016-11-1
5801,7,5801,2011-10-18,2025-11-20
5802,76,5802,2010-3-5,2016-8-22
5803,9,5803,2011-6-27,2020-1-10
5804,95,5804,2011-8-28,2020-2-21
5805,75,5805,2010-7-19,2022-5-14
5806,74,5806,2011-7-4,2017-12-11
5807,99,5807,2010-7-28,2017-5-8
5808,84,5808,2010-3-26,2015-4-28
5809,73,5809,2010-9-5,2016-2-19
5810,54,5810,2010-9-11,2020-11-23
5811,22,5811,2011-7-16,2021-12-10
5812,42,5812,2010-12-17,2022-6-9
5813,6,5813,2010-7-22,2025-6-13
5814,92,5814,2011-4-22,2020-10-12
5815,54,5815,2010-1-3,2019-3-24
5816,97,5816,2011-11-7,2016-9-16
5817,7,5817,2010-4-10,2022-11-23
5818,94,5818,2010-11-6,2018-6-18
5819,82,5819,2011-4-20,2019-7-22
5820,21,5820,2010-10-20,2017-12-13
5821,83,5821,2010-3-1,2016-2-1
5822,12,5822,2010-1-18,2019-4-9
5823,58,5823,2010-5-5,2022-11-3
5824,47,5824,2010-1-7,2016-9-17
5825,45,5825,2010-2-7,2017-4-14
5826,24,5826,2011-7-7,2016-2-20
5827,100,5827,2011-6-3,2016-6-10
5828,5,5828,2010-11-25,2019-11-15
5829,32,5829,2010-10-5,2023-5-26
5830,61,5830,2011-1-15,2025-9-20
5831,86,5831,2010-4-1,2023-9-4
5832,2,5832,2010-3-14,2023-2-25
5833,35,5833,2010-3-27,2024-4-27
5834,60,5834,2010-5-13,2023-6-13
5835,88,5835,2010-9-7,2019-9-21
5836,58,5836,2011-6-6,2020-3-13
5837,63,5837,2010-9-15,2018-6-24
5838,98,5838,2010-10-14,2016-6-2
5839,95,5839,2011-8-28,2016-9-22
5840,31,5840,2010-12-10,2022-10-12
5841,52,5841,2011-11-23,2025-7-20
5842,66,5842,2011-12-18,2017-6-26
5843,88,5843,2011-8-2,2017-1-21
5844,22,5844,2011-6-28,2020-8-12
5845,49,5845,2010-6-8,2019-8-4
5846,73,5846,2011-4-16,2015-4-14
5847,4,5847,2010-2-15,2017-1-3
5848,42,5848,2011-11-8,2019-11-10
5849,67,5849,2010-9-10,2021-3-9
5850,13,5850,2010-12-5,2021-12-7
5851,21,5851,2010-9-16,2023-4-25
5852,32,5852,2011-6-1,2015-7-15
5853,59,5853,2010-3-27,2023-9-13
5854,16,5854,2011-6-9,2022-10-17
5855,78,5855,2011-10-3,2018-4-26
5856,11,5856,2011-4-12,2020-9-20
5857,63,5857,2010-7-26,2021-9-1
5858,90,5858,2010-2-21,2019-3-18
5859,31,5859,2010-6-9,2019-1-15
5860,96,5860,2011-3-5,2023-10-10
5861,37,5861,2010-10-4,2022-11-23
5862,84,5862,2011-6-19,2016-5-27
5863,16,5863,2010-2-28,2023-6-28
5864,92,5864,2011-12-4,2018-10-17
5865,7,5865,2011-1-22,2015-12-22
5866,64,5866,2011-5-20,2023-6-6
5867,62,5867,2010-6-11,2020-8-22
5868,77,5868,2010-5-5,2017-5-22
5869,3,5869,2010-8-4,2022-3-18
5870,11,5870,2010-9-26,2019-6-13
5871,23,5871,2011-11-2,2019-6-15
5872,82,5872,2010-8-21,2016-7-5
5873,65,5873,2010-3-12,2021-4-23
5874,69,5874,2010-3-13,2017-8-20
5875,22,5875,2011-2-27,2022-3-20
5876,39,5876,2011-9-22,2019-12-19
5877,1,5877,2010-2-27,2021-1-9
5878,38,5878,2010-10-27,2024-7-20
5879,1,5879,2010-10-6,2021-3-23
5880,91,5880,2010-8-23,2019-9-10
5881,25,5881,2010-3-10,2018-2-17
5882,63,5882,2010-3-16,2015-12-27
5883,5,5883,2011-4-23,2016-9-18
5884,21,5884,2010-2-15,2024-11-7
5885,15,5885,2011-11-16,2024-12-24
5886,84,5886,2010-4-12,2021-10-25
5887,86,5887,2011-7-7,2020-10-8
5888,60,5888,2011-5-20,2018-4-28
5889,61,5889,2010-9-12,2021-12-4
5890,7,5890,2011-8-20,2023-7-13
5891,33,5891,2010-9-6,2015-2-2
5892,27,5892,2011-7-3,2022-10-21
5893,17,5893,2010-5-25,2025-6-12
5894,54,5894,2010-8-20,2019-1-11
5895,12,5895,2011-10-23,2018-1-6
5896,97,5896,2010-1-14,2017-6-20
5897,34,5897,2011-2-15,2017-10-16
5898,71,5898,2010-5-22,2022-4-16
5899,90,5899,2011-1-2,2018-6-16
5900,87,5900,2010-11-22,2017-4-19
5901,51,5901,2011-2-16,2017-12-21
5902,68,5902,2011-7-3,2020-4-25
5903,21,5903,2011-6-18,2015-2-4
5904,38,5904,2010-1-5,2017-12-10
5905,43,5905,2010-5-1,2015-8-12
5906,55,5906,2010-12-5,2022-2-26
5907,81,5907,2011-12-16,2015-12-26
5908,9,5908,2010-3-2,2018-10-5
5909,79,5909,2010-11-10,2017-4-26
5910,58,5910,2011-1-18,2024-11-20
5911,71,5911,2010-8-26,2015-4-21
5912,93,5912,2010-2-8,2017-12-5
5913,57,5913,2010-3-27,2022-9-1
5914,2,5914,2011-6-14,2019-1-8
5915,17,5915,2010-3-26,2020-3-10
5916,84,5916,2011-4-8,2021-4-25
5917,77,5917,2010-10-19,2021-2-14
5918,55,5918,2010-3-15,2017-5-7
5919,19,5919,2011-11-28,2016-8-10
5920,88,5920,2010-10-18,2021-1-17
5921,37,5921,2010-8-13,2023-9-3
5922,18,5922,2010-9-3,2024-6-14
5923,10,5923,2011-9-10,2015-2-28
5924,18,5924,2010-9-12,2019-9-20
5925,38,5925,2011-2-27,2017-12-23
5926,30,5926,2011-11-6,2023-3-1
5927,97,5927,2010-1-25,2020-2-12
5928,66,5928,2011-4-25,2025-3-5
5929,17,5929,2010-5-16,2018-9-5
5930,98,5930,2011-10-17,2016-8-12
5931,49,5931,2011-7-12,2023-7-7
5932,45,5932,2011-2-16,2018-8-6
5933,25,5933,2011-11-28,2015-7-28
5934,17,5934,2010-9-15,2022-12-14
5935,50,5935,2010-5-18,2023-1-26
5936,19,5936,2011-11-28,2016-12-16
5937,34,5937,2010-7-22,2017-10-3
5938,29,5938,2011-5-26,2019-4-8
5939,93,5939,2010-9-22,2020-12-8
5940,86,5940,2011-4-23,2017-3-2
5941,28,5941,2010-9-21,2017-7-15
5942,10,5942,2010-6-11,2016-2-17
5943,1,5943,2011-5-18,2025-9-6
5944,10,5944,2010-2-3,2015-3-6
5945,61,5945,2011-6-26,2022-12-11
5946,42,5946,2010-9-28,2018-9-4
5947,86,5947,2010-1-5,2025-7-17
5948,65,5948,2010-2-11,2016-6-2
5949,97,5949,2011-6-3,2025-1-20
5950,95,5950,2010-11-1,2020-2-2
5951,59,5951,2011-1-4,2015-10-28
5952,67,5952,2011-2-1,2018-6-4
5953,34,5953,2011-3-18,2025-5-3
5954,49,5954,2011-7-18,2022-3-14
5955,86,5955,2010-8-2,2016-2-10
5956,80,5956,2010-10-4,2023-10-18
5957,98,5957,2011-11-18,2016-10-2
5958,78,5958,2011-11-11,2025-12-23
5959,19,5959,2011-11-8,2015-5-28
5960,77,5960,2011-10-2,2023-2-27
5961,86,5961,2011-10-23,2021-11-9
5962,52,5962,2010-6-11,2018-1-14
5963,52,5963,2011-3-10,2022-2-11
5964,83,5964,2011-10-25,2022-4-3
5965,57,5965,2011-1-7,2017-12-14
5966,15,5966,2011-9-17,2022-3-16
5967,18,5967,2011-8-13,2021-3-28
5968,100,5968,2010-3-11,2025-7-11
5969,28,5969,2010-1-9,2021-4-6
5970,17,5970,2010-2-4,2020-10-10
5971,26,5971,2010-12-19,2015-9-13
5972,77,5972,2010-6-10,2018-2-14
5973,28,5973,2010-3-7,2025-2-20
5974,53,5974,2010-8-24,2023-5-2
5975,70,5975,2010-2-2,2018-4-9
5976,51,5976,2011-6-25,2015-2-9
5977,61,5977,2010-3-2,2019-4-1
5978,14,5978,2010-6-12,2016-7-15
5979,72,5979,2010-9-2,2019-6-14
5980,80,5980,2010-6-16,2025-6-24
5981,90,5981,2011-5-6,2015-10-15
5982,5,5982,2010-9-11,2023-4-14
5983,94,5983,2010-4-14,2018-12-10
5984,49,5984,2010-7-15,2025-8-12
5985,23,5985,2010-7-1,2016-12-4
5986,79,5986,2010-2-3,2021-3-15
5987,28,5987,2011-11-19,2021-10-18
5988,71,5988,2011-1-24,2016-6-6
5989,15,5989,2011-4-1,2025-4-5
5990,57,5990,2011-7-5,2019-12-28
5991,88,5991,2011-11-12,2016-1-19
5992,78,5992,2010-10-13,2022-4-17
5993,90,5993,2011-3-11,2021-3-14
5994,4,5994,2011-2-18,2016-10-6
5995,61,5995,2010-5-10,2017-12-15
5996,53,5996,2011-9-3,2021-3-25
5997,30,5997,2010-11-24,2018-2-20
5998,58,5998,2011-5-25,2020-4-9
5999,52,5999,2010-4-18,2015-7-8
